SALE TYPE,SOLD DATE,PROPERTY TYPE,ADDRESS,CITY,STATE OR PROVINCE,ZIP OR POSTAL CODE,PRICE,BEDS,BATHS,LOCATION,SQUARE FEET,LOT SIZE,YEAR BUILT,DAYS ON MARKET,$/SQUARE FEET,HOA/MONTH,STATUS,NEXT OPEN HOUSE START TIME,NEXT OPEN HOUSE END TIME,URL (SEE http://www.redfin.com/buy-a-home/comparative-market-analysis FOR INFO ON PRICING),SOURCE,MLS#,FAVORITE,INTERESTED,LATITUDE,LONGITUDE
PAST SALE,May-13-2013,Townhouse,887 Georgetown Pl,SAN JOSE,CA,95126,1288888,3,2.5,SAN JOSE,1859,1431,2002,30,693,385,Pending,,,http://www.redfin.com/CA/San-Jose/887-Georgetown-Pl-95126/home/1485707,MLSListings,ML81781689,N,Y,37.328257,-121.9055323
PAST SALE,August-28-2014,Condo/Co-op,801 S Winchester Blvd #2103,SAN JOSE,CA,95128,838888,2,2.0,SAN JOSE,986,,2005,30,851,295,Pending,,,http://www.redfin.com/CA/San-Jose/801-S-Winchester-Blvd-95128/unit-2103/home/2125383,MLSListings,ML81781661,N,Y,37.3126276,-121.9509114
PAST SALE,January-15-2016,Single Family Residential,211 Pinot Ct,SAN JOSE,CA,95119,1089000,4,2.0,SAN JOSE,1860,6324,1969,30,585,,Pending,,,http://www.redfin.com/CA/San-Jose/211-Pinot-Ct-95119/home/1783457,MLSListings,ML81781636,N,Y,37.2291672,-121.7829621
PAST SALE,December-2-2016,Single Family Residential,1302 Thornbury Ln,SAN JOSE,CA,95138,1400000,4,3.5,SAN JOSE,2612,4452,2004,31,536,390,Pending,,,http://www.redfin.com/CA/San-Jose/1302-Thornbury-Ln-95138/home/1048229,MLSListings,ML81781474,N,Y,37.288836,-121.806351
PAST SALE,July-8-2014,Single Family Residential,4676 Hampton Falls Pl,SAN JOSE,CA,95136,899888,3,2.5,SAN JOSE,1695,2184,2004,32,531,45,Pending,,,http://www.redfin.com/CA/San-Jose/4676-Hampton-Falls-Pl-95136/home/871149,MLSListings,ML81781296,N,Y,37.261927,-121.872996
MLS Listing,,Condo/Co-op,1550 Technology Dr #1035,SAN JOSE,CA,95110,749777,2,2.0,SAN JOSE,1133,,2005,36,662,490,Contingent,,,http://www.redfin.com/CA/San-Jose/1550-Technology-Dr-95110/unit-1035/home/2122501,MLSListings,ML81780869,N,Y,37.3635367,-121.9136888
PAST SALE,October-19-2012,Single Family Residential,1089 Phelps Ave,SAN JOSE,CA,95117,1398888,4,3.0,SAN JOSE,2199,6163,1962,20,636,,Pending,,,http://www.redfin.com/CA/San-Jose/1089-Phelps-Ave-95117/home/1149623,MLSListings,ML81782870,N,Y,37.3068201,-121.9612864
PAST SALE,,Condo/Co-op,1445 Fruitdale Ave #324,SAN JOSE,CA,95128,699999,2,2.0,SAN JOSE,1206,,2008,23,580,410,Pending,,,http://www.redfin.com/CA/San-Jose/1445-Fruitdale-Ave-95128/unit-324/home/23048237,MLSListings,ML81782534,N,Y,37.3112845,-121.9161637
MLS Listing,,Single Family Residential,1652 Tierra Buena Dr,SAN JOSE,CA,95121,739999,4,1.5,SAN JOSE,1265,5198,1963,26,585,,Contingent,,,http://www.redfin.com/CA/San-Jose/1652-Tierra-Buena-Dr-95121/home/1781331,MLSListings,ML81782151,N,Y,37.3159862,-121.8219423
MLS Listing,,Vacant Land,0 Miradero Ave,San Jose,CA,95127,450000,,,Santa Clara County,,71743,,26,,,Active,,,http://www.redfin.com/CA/San-Jose/Miradero-Ave-95127/home/161075776,BAREIS,22002860,N,Y,37.389291,-121.808598
PAST SALE,October-26-2006,Single Family Residential,7372 Phinney Way,San Jose,CA,95139,965000,4,2.0,Santa Teresa,1743,6050,1972,26,554,,Pending,,,http://www.redfin.com/CA/San-Jose/7372-Phinney-Way-95139/home/1782999,Bridge MLS,40895003,N,Y,37.2226257,-121.7643572
MLS Listing,,Condo/Co-op,314 San Vito Ct,SAN JOSE,CA,95116,575000,3,1.5,SAN JOSE,1180,900,1971,26,487,255,Contingent,,,http://www.redfin.com/CA/San-Jose/314-San-Vito-Ct-95116/home/882936,MLSListings,ML81782135,N,Y,37.360643,-121.85373
PAST SALE,March-5-2020,Multi-Family (2-4 Unit),2284 &2286 Meridian Ave,SAN JOSE,CA,95124,1407000,4,,SAN JOSE,2310,8176,1963,2,609,,Sold,,,http://www.redfin.com/CA/San-Jose/2286-Meridian-Ave-95124/home/850635,MLSListings,ML81782128,N,Y,37.282638,-121.913159
MLS Listing,,Multi-Family (2-4 Unit),478 Doyle Rd,SAN JOSE,CA,95129,1995000,8,,SAN JOSE,2992,7008,1961,26,667,,Active,,,http://www.redfin.com/CA/San-Jose/478-Doyle-Rd-95129/home/1684589,MLSListings,ML81782120,N,Y,37.318743,-121.994993
MLS Listing,,Single Family Residential,4502 Sonata Way,SAN JOSE,CA,95111,729000,3,1.0,SAN JOSE,907,5517,1958,26,804,,Contingent,,,http://www.redfin.com/CA/San-Jose/4502-Sonata-Way-95111/home/1600044,MLSListings,ML81782110,N,Y,37.2785068,-121.8179381
PAST SALE,October-1-2008,Single Family Residential,3453 Verdi Dr,SAN JOSE,CA,95111,788888,4,2.0,SAN JOSE,1672,5117,1959,26,472,,Pending,,,http://www.redfin.com/CA/San-Jose/3453-Verdi-Dr-95111/home/948821,MLSListings,ML81782105,N,Y,37.289853,-121.8277481
PAST SALE,February-13-2018,Single Family Residential,4401 Adragna Ct,SAN JOSE,CA,95136,949000,4,2.0,SAN JOSE,1581,6178,1974,26,600,41,Pending,,,http://www.redfin.com/CA/San-Jose/4401-Adragna-Ct-95136/home/1157519,MLSListings,ML81782103,N,Y,37.2700957,-121.8358668
PAST SALE,,Multi-Family (2-4 Unit),248 Muirfield Dr,San Jose,CA,95116,205000,,,,2098,10395,1978,,98,,,,,http://www.redfin.com/CA/San-Jose/248-Muirfield-Dr-95116/home/736238,,,N,Y,37.3563595,-121.8368009
PAST SALE,October-17-2013,Townhouse,1714 Cherryhills Ln,SAN JOSE,CA,95125,1249000,3,2.5,SAN JOSE,1954,2128,1973,26,639,415,Pending,,,http://www.redfin.com/CA/San-Jose/1714-Cherryhills-Ln-95125/home/1728115,MLSListings,ML81782094,N,Y,37.292813,-121.905555
PAST SALE,April-11-2011,Single Family Residential,1830 Arroyo Seco Dr,SAN JOSE,CA,95125,2495000,4,3.0,SAN JOSE,3162,9130,1961,26,789,,Pending,,,http://www.redfin.com/CA/San-Jose/1830-Arroyo-Seco-Dr-95125/home/1579523,MLSListings,ML81782091,N,Y,37.2856219,-121.918716
MLS Listing,,Single Family Residential,1901 Mcbain Ave,SAN JOSE,CA,95125,3300000,6,4.5,SAN JOSE,4477,10066,2019,26,737,,Active,March-7-2020 01:00 PM,March-7-2020 04:00 PM,http://www.redfin.com/CA/San-Jose/1901-McBain-Ave-95125/home/731026,MLSListings,ML81782072,N,Y,37.2896392,-121.9208885
PAST SALE,February-27-2020,Condo/Co-op,1310 Saddle Rack St #347,SAN JOSE,CA,95126,775000,2,2.0,SAN JOSE,1258,,2004,9,616,449,Sold,,,http://www.redfin.com/CA/San-Jose/1310-Saddle-Rack-St-95126/unit-347/home/991813,MLSListings,ML81780440,N,Y,37.320131,-121.9117931
PAST SALE,April-30-2018,Single Family Residential,1372 Woodman Ct,SAN JOSE,CA,95121,899000,4,2.0,SAN JOSE,1703,6102,1969,26,528,,Pending,,,http://www.redfin.com/CA/San-Jose/1372-Woodman-Ct-95121/home/1362674,MLSListings,ML81782048,N,Y,37.3063304,-121.8212749
PAST SALE,October-26-2017,Townhouse,305 Ribbonwood Ave,SAN JOSE,CA,95123,779900,3,2.5,SAN JOSE,1378,696,1998,27,566,275,Pending,,,http://www.redfin.com/CA/San-Jose/305-Ribbonwood-Ave-95123/home/1825423,MLSListings,ML81782027,N,Y,37.240041,-121.804418
MLS Listing,,Single Family Residential,2804 Schooner Ct,SAN JOSE,CA,95148,1049000,4,2.0,SAN JOSE,1690,7700,1977,27,621,,Contingent,,,http://www.redfin.com/CA/San-Jose/2804-Schooner-Ct-95148/home/955604,MLSListings,ML81782012,N,Y,37.3245458,-121.793821
MLS Listing,,Single Family Residential,3047 Peppermint Dr,SAN JOSE,CA,95148,1290000,5,3.0,SAN JOSE,2626,6979,1967,27,491,,Active,,,http://www.redfin.com/CA/San-Jose/3047-Peppermint-Dr-95148/home/1109059,MLSListings,ML81781999,N,Y,37.33106,-121.7970695
PAST SALE,August-19-2014,Townhouse,2763 Buena Point Ct,San Jose,CA,95121,765000,3,2.0,Evergreen,1216,1216,1988,27,629,275,Pending,,,http://www.redfin.com/CA/San-Jose/2763-Buena-Point-Ct-95121/home/1170175,Bridge MLS,40894904,N,Y,37.2998772,-121.7758147
MLS Listing,,Mobile/Manufactured Home,758 Villa Teresa Way #758,SAN JOSE,CA,95123,295000,2,2.0,SAN JOSE,1556,,1981,27,190,,Active,March-7-2020 12:00 PM,March-7-2020 03:00 PM,http://www.redfin.com/CA/San-Jose/758-Villa-Teresa-Way-95123/unit-758/home/63741785,MLSListings,ML81781997,N,Y,37.2435094,-121.8571792
MLS Listing,,Single Family Residential,85 Martha St,SAN JOSE,CA,95112,610000,2,1.0,SAN JOSE,780,1374,1915,27,782,,Active,March-7-2020 01:00 PM,March-7-2020 04:00 PM,http://www.redfin.com/CA/San-Jose/85-Martha-St-95112/home/1537478,MLSListings,ML81781989,N,Y,37.3235326,-121.8788861
MLS Listing,,Single Family Residential,3237 RAVENSWOOD Way,San Jose,CA,95148,1450000,4,3.0,San Jose,2706,8400,1978,28,536,,Contingent,,,http://www.redfin.com/CA/San-Jose/3237-Ravenswood-Way-95148/home/954680,MLSListings,ML81781976,N,Y,37.3282484,-121.7811151
PAST SALE,,Single Family Residential,732 N Redwood Ave,SAN JOSE,CA,95128,1045000,3,1.5,SAN JOSE,1194,6110,1950,28,875,,Pending,,,http://www.redfin.com/CA/San-Jose/732-N-Redwood-Ave-95128/home/994308,MLSListings,ML81781959,N,Y,37.3291299,-121.9459556
PAST SALE,June-23-2019,Single Family Residential,1512 S Capitol Ave,SAN JOSE,CA,95127,799950,3,2.0,SAN JOSE,1015,8075,1955,28,788,,Pending,,,http://www.redfin.com/CA/San-Jose/1512-S-Capitol-Ave-95127/home/1769855,MLSListings,ML81781947,N,Y,37.3453691,-121.8226541
MLS Listing,,Condo/Co-op,5227 Cribari Dl,SAN JOSE,CA,95135,459950,2,2.0,SAN JOSE,1223,5941,1969,28,376,704,Contingent,,,http://www.redfin.com/CA/San-Jose/5227-Cribari-Dl-95135/home/1361119,MLSListings,ML81781944,N,Y,37.295846,-121.754516
PAST SALE,February-21-2020,Single Family Residential,14364 Bercaw,SAN JOSE,CA,95124,1550000,3,2.0,SAN JOSE,1406,17350,1950,15,1102,,Sold,,,http://www.redfin.com/CA/San-Jose/14364-Bercaw-Ln-95124/home/1778817,MLSListings,ML81781938,N,Y,37.2594993,-121.9279559
PAST SALE,October-11-2013,Single Family Residential,425 Terrace Dr,SAN JOSE,CA,95112,998000,3,2.0,SAN JOSE,1589,6869,1949,28,628,,Pending,,,http://www.redfin.com/CA/San-Jose/425-Terrace-Dr-95112/home/1230139,MLSListings,ML81781933,N,Y,37.3530984,-121.875273
PAST SALE,April-5-2018,Single Family Residential,1269 Lynn Ave,SAN JOSE,CA,95122,998888,4,3.0,SAN JOSE,1595,5578,1958,29,626,,Pending,,,http://www.redfin.com/CA/San-Jose/1269-Lynn-Ave-95122/home/890562,MLSListings,ML81781927,N,Y,37.3356582,-121.8445409
PAST SALE,April-27-2006,Single Family Residential,1642 Orchard View Dr,SAN JOSE,CA,95124,1349000,3,2.0,SAN JOSE,1243,6010,1959,29,1085,,Pending,,,http://www.redfin.com/CA/San-Jose/1642-Orchard-View-Dr-95124/home/1126675,MLSListings,ML81781925,N,Y,37.2342775,-121.9056854
MLS Listing,,Condo/Co-op,1359 Phelps Ave #9,SAN JOSE,CA,95117,675000,3,2.0,SAN JOSE,1200,,1963,29,563,353,Active,March-7-2020 01:00 PM,March-7-2020 04:00 PM,http://www.redfin.com/CA/San-Jose/1359-Phelps-Ave-95117/unit-9/home/1074942,MLSListings,ML81781920,N,Y,37.2996699,-121.9619351
PAST SALE,May-3-2016,Single Family Residential,1636 Knollwood Ave,SAN JOSE,CA,95125,1399999,4,2.0,SAN JOSE,1783,6275,1961,29,785,,Pending,,,http://www.redfin.com/CA/San-Jose/1636-Knollwood-Ave-95125/home/1445475,MLSListings,ML81781918,N,Y,37.2769526,-121.9022622
MLS Listing,,Condo/Co-op,1215 Bird Ave #101,SAN JOSE,CA,95125,488000,1,1.0,SAN JOSE,656,,1979,29,744,309,Active,,,http://www.redfin.com/CA/San-Jose/1215-Bird-Ave-95125/unit-101/home/17290894,MLSListings,ML81781915,N,Y,37.3093665,-121.8942085
PAST SALE,April-6-1988,Townhouse,7384 Tulare Hill Dr,SAN JOSE,CA,95139,749000,3,2.5,SAN JOSE,1655,1946,1982,29,453,450,Pending,,,http://www.redfin.com/CA/San-Jose/7384-Tulare-Hill-Dr-95139/home/1558735,MLSListings,ML81781906,N,Y,37.2269311,-121.7606862
PAST SALE,,Single Family Residential,5007 Bela Dr,SAN JOSE,CA,95129,1395900,3,2.0,SAN JOSE,1434,7164,1959,29,973,,Pending,,,http://www.redfin.com/CA/San-Jose/5007-Bela-Dr-95129/home/1476330,MLSListings,ML81781903,N,Y,37.299825,-121.9892763
MLS Listing,,Mobile/Manufactured Home,2612 Whispering Hills Cir #2612,SAN JOSE,CA,95148,345000,3,2.0,SAN JOSE,1560,,2000,29,221,,Active,,,http://www.redfin.com/CA/San-Jose/2612-Whispering-Hills-Cir-95148/unit-2612/home/21855069,MLSListings,ML81781871,N,Y,37.3201328,-121.8056584
MLS Listing,,Single Family Residential,254 Southside Dr,SAN JOSE,CA,95111,1650000,4,2.0,SAN JOSE,2657,16309,2006,29,621,,Active,,,http://www.redfin.com/CA/San-Jose/254-Southside-Dr-95111/home/1446987,MLSListings,ML81781866,N,Y,37.2902595,-121.8404708
MLS Listing,,Mobile/Manufactured Home,3014 Oakbridge Dr #3014,SAN JOSE,CA,95121,199000,2,2.0,SAN JOSE,2000,,1974,29,100,,Active,March-7-2020 01:00 PM,March-7-2020 02:00 PM,http://www.redfin.com/CA/San-Jose/3014-Oakbridge-Dr-95121/unit-3014/home/170521042,MLSListings,ML81781864,N,Y,37.3055388,-121.8136035
MLS Listing,,Condo/Co-op,5356 Makati Cir,SAN JOSE,CA,95123,458888,1,1.0,SAN JOSE,690,,1984,29,665,453,Contingent,,,http://www.redfin.com/CA/San-Jose/5356-Makati-Cir-95123/home/1652068,MLSListings,ML81781847,N,Y,37.250422,-121.806709
PAST SALE,,Mobile/Manufactured Home,3637 Snell Ave #212,SAN JOSE,CA,95136,290000,3,2.0,SAN JOSE,1531,,1996,29,189,,Pending,,,http://www.redfin.com/CA/San-Jose/3637-Snell-Ave-95136/unit-212/home/170520007,MLSListings,ML81781841,N,Y,37.278857,-121.8449013
PAST SALE,,Single Family Residential,1737 Whispering Willow Pl,SAN JOSE,CA,95125,1830000,6,4.0,SAN JOSE,3189,4226,2001,29,574,,Pending,,,http://www.redfin.com/CA/San-Jose/1737-Whispering-Willow-Pl-95125/home/1304010,MLSListings,ML81781836,N,Y,37.2927776,-121.9116869
MLS Listing,,Single Family Residential,1289 Rio Hondo Dr,SAN JOSE,CA,95120,1495000,4,2.0,SAN JOSE,1969,8862,1965,29,759,,Active,March-7-2020 01:00 PM,March-7-2020 04:00 PM,http://www.redfin.com/CA/San-Jose/1289-Rio-Hondo-Dr-95120/home/555914,MLSListings,ML81781639,N,Y,37.2204074,-121.8759845
MLS Listing,,Townhouse,304 Guanacaste Ct,SAN JOSE,CA,95116,569888,3,1.5,SAN JOSE,1180,900,1972,29,483,255,Active,March-7-2020 01:00 PM,March-7-2020 04:00 PM,http://www.redfin.com/CA/San-Jose/304-Guanacaste-Ct-95116/home/1335487,MLSListings,ML81781340,N,Y,37.3615189,-121.8524752
PAST SALE,May-21-2010,Condo/Co-op,7053 Rainbow Dr #6,SAN JOSE,CA,95129,730000,1,1.0,SAN JOSE,700,2335,1964,29,1043,443,Pending,,,http://www.redfin.com/CA/San-Jose/7053-Rainbow-Dr-95129/unit-6/home/1792911,MLSListings,ML81781819,N,Y,37.3008484,-122.0276812
MLS Listing,,Mobile/Manufactured Home,748 Millstream Dr #748,SAN JOSE,CA,95125,259000,2,,SAN JOSE,1872,,1979,29,138,,Active,March-7-2020 12:00 PM,March-7-2020 03:00 PM,http://www.redfin.com/CA/San-Jose/748-Mill-Stream-Dr-95125/unit-748/home/170518656,MLSListings,ML81781816,N,Y,37.2898589,-121.8725013
PAST SALE,March-5-2020,Single Family Residential,3638 Deedham Dr,SAN JOSE,CA,95148,1430000,5,2.5,SAN JOSE,2072,8032,1981,2,690,,Sold,,,http://www.redfin.com/CA/San-Jose/3638-Deedham-Dr-95148/home/852199,MLSListings,ML81781490,N,Y,37.3276332,-121.7722803
MLS Listing,,Mobile/Manufactured Home,501 Millpond Dr #501,SAN JOSE,CA,95125,299000,3,2.0,SAN JOSE,1680,,2000,29,178,,Active,March-7-2020 12:00 PM,March-7-2020 03:00 PM,http://www.redfin.com/CA/San-Jose/501-Mill-Pond-Dr-95125/unit-501/home/113797368,MLSListings,ML81781802,N,Y,37.2941716,-121.8704255
PAST SALE,December-30-2004,Single Family Residential,3694 Gavota Ave,SAN JOSE,CA,95124,1300000,3,2.0,SAN JOSE,1709,6084,1957,29,761,,Pending,,,http://www.redfin.com/CA/San-Jose/3694-Gavota-Ave-95124/home/1152571,MLSListings,ML81781800,N,Y,37.26328,-121.9074637
PAST SALE,March-30-2017,Single Family Residential,5719 Pontiac Dr,SAN JOSE,CA,95123,978000,3,1.5,SAN JOSE,1579,6019,1962,29,619,,Pending,,,http://www.redfin.com/CA/San-Jose/5719-Pontiac-Dr-95123/home/987263,MLSListings,ML81781795,N,Y,37.2469212,-121.8381577
MLS Listing,,Townhouse,1049 Villa Maria Ct,SAN JOSE,CA,95125,798000,3,2.5,SAN JOSE,1585,1969,1982,29,503,600,Contingent,,,http://www.redfin.com/CA/San-Jose/1049-Villa-Maria-Ct-95125/home/844441,MLSListings,ML81781785,N,Y,37.313313,-121.89017
PAST SALE,,Single Family Residential,6824 Hampton Dr,SAN JOSE,CA,95120,1770000,4,2.5,SAN JOSE,2382,17056,1965,29,743,,Pending,,,http://www.redfin.com/CA/San-Jose/6824-Hampton-Dr-95120/home/703672,MLSListings,ML81781779,N,Y,37.2089265,-121.8597524
PAST SALE,February-21-1996,Single Family Residential,5690 Keymar Dr,SAN JOSE,CA,95123,835000,3,2.0,SAN JOSE,1160,6208,1965,29,720,,Pending,,,http://www.redfin.com/CA/San-Jose/5690-Keymar-Dr-95123/home/1619811,MLSListings,ML81781777,N,Y,37.2490391,-121.828749
MLS Listing,,Condo/Co-op,7153 Rouse Ct,SAN JOSE,CA,95139,725000,3,2.5,SAN JOSE,1466,1883,1979,29,495,325,Contingent,,,http://www.redfin.com/CA/San-Jose/7153-Rouse-Ct-95139/home/1692352,MLSListings,ML81781774,N,Y,37.2273364,-121.7720243
MLS Listing,,Single Family Residential,619 N 14th St,SAN JOSE,CA,95112,998000,3,2.0,SAN JOSE,888,5041,1950,29,1124,,Contingent,,,http://www.redfin.com/CA/San-Jose/619-N-14th-St-95112/home/898465,MLSListings,ML81781768,N,Y,37.3538563,-121.8859005
PAST SALE,February-18-2020,Townhouse,1115 Story Book Ln,SAN JOSE,CA,95116,780000,2,2.5,SAN JOSE,1242,1159,1996,18,628,261,Sold,,,http://www.redfin.com/CA/San-Jose/1115-Story-Book-Ln-95116/home/1702958,MLSListings,ML81781767,N,Y,37.3455045,-121.8671024
PAST SALE,December-12-2014,Mobile/Manufactured Home,411 Lewis Rd #416,SAN JOSE,CA,95111,299000,3,2.0,SAN JOSE,1800,,2002,30,166,,Pending,,,http://www.redfin.com/CA/San-Jose/411-Lewis-Rd-95111/unit-416/home/1429527,MLSListings,ML81781765,N,Y,37.2957573,-121.8408934
MLS Listing,,Single Family Residential,1229 Whitton Ave,SAN JOSE,CA,95116,849000,2,2.0,SAN JOSE,1014,5360,1920,30,837,,Active,,,http://www.redfin.com/CA/San-Jose/1229-Whitton-Ave-95116/home/1690535,MLSListings,ML81781760,N,Y,37.3453701,-121.8648224
PAST SALE,March-8-1991,Multi-Family (2-4 Unit),4110-4112 Wessex Dr,SAN JOSE,CA,95136,1388000,5,,SAN JOSE,2580,8625,1969,30,538,,Pending,,,http://www.redfin.com/CA/San-Jose/4110-Wessex-Dr-95136/unit-12/home/862038,MLSListings,ML81780925,N,Y,37.269438,-121.865972
MLS Listing,,Single Family Residential,1135 S Genevieve Ln,SAN JOSE,CA,95128,1849000,5,3.0,SAN JOSE,3178,8601,1964,30,582,,Contingent,,,http://www.redfin.com/CA/San-Jose/1135-S-Genevieve-Ln-95128/home/1492238,MLSListings,ML81781743,N,Y,37.3058036,-121.942667
PAST SALE,February-16-2006,Condo/Co-op,401 Kincora Ct,SAN JOSE,CA,95136,799000,3,2.5,SAN JOSE,1376,,1996,30,581,260,Pending,,,http://www.redfin.com/CA/San-Jose/401-Kincora-Ct-95136/home/868911,MLSListings,ML81781741,N,Y,37.2795192,-121.8561447
PAST SALE,,Multi-Family (2-4 Unit),524 SANDERS Ave,San Jose,CA,95116,,,,,,,,,,,Sold,,,http://www.redfin.com/CA/San-Jose/524-Sanders-Ave-95116/home/23477865,MLSListings,,N,Y,37.3501434,-121.8433671
PAST SALE,March-30-2015,Single Family Residential,63 S 19th St,SAN JOSE,CA,95116,950000,2,3.0,SAN JOSE,1291,12776,1923,30,736,,Pending,,,http://www.redfin.com/CA/San-Jose/63-S-19th-St-95116/home/1518453,MLSListings,ML81781176,N,Y,37.3432465,-121.8714042
PAST SALE,December-10-2008,Single Family Residential,786 Goodwin Ave,SAN JOSE,CA,95128,998000,3,2.0,SAN JOSE,1123,5871,1954,30,889,,Pending,,,http://www.redfin.com/CA/San-Jose/786-Goodwin-Ave-95128/home/1751392,MLSListings,ML81781736,N,Y,37.3126356,-121.9201773
MLS Listing,,Condo/Co-op,2059 Vincenzo Walkway Unit WW,SAN JOSE,CA,95133,830000,2,2.5,SAN JOSE,1297,,2014,30,640,168,Contingent,,,http://www.redfin.com/CA/San-Jose/2059-Vincenzo-Walkway-95133/unit-WW/home/95957760,MLSListings,ML81781734,N,Y,37.3810907,-121.8648954
PAST SALE,March-2-2020,Condo/Co-op,1424 Capurso Way,SAN JOSE,CA,95125,653500,2,2.0,SAN JOSE,1054,,1984,5,620,385,Sold,,,http://www.redfin.com/CA/San-Jose/1424-Capurso-Way-95125/home/584380,MLSListings,ML81781717,N,Y,37.308649,-121.887182
MLS Listing,,Multi-Family (5+ Unit),102 S 14th St,SAN JOSE,CA,95112,1950000,2,,SAN JOSE,3258,9826,1903,30,599,,Active,,,http://www.redfin.com/CA/San-Jose/102-S-14th-St-95112/home/12341033,MLSListings,ML81781716,N,Y,37.3407053,-121.8754287
PAST SALE,October-31-2003,Townhouse,1547 Huddersfield Ct,SAN JOSE,CA,95126,749000,2,1.5,SAN JOSE,1220,1593,1973,30,614,399,Pending,,,http://www.redfin.com/CA/San-Jose/1547-Huddersfield-Ct-95126/home/1200723,MLSListings,ML81781709,N,Y,37.3074048,-121.9177547
PAST SALE,May-17-2013,Single Family Residential,1380 Garrans Dr,SAN JOSE,CA,95130,1138888,3,2.0,SAN JOSE,1368,6300,1958,30,833,,Pending,,,http://www.redfin.com/CA/San-Jose/1380-Garrans-Dr-95130/home/757031,MLSListings,ML81781703,N,Y,37.2989256,-121.9792807
PAST SALE,February-28-1999,Condo/Co-op,2028 Tradan Dr,SAN JOSE,CA,95132,585000,2,2.0,SAN JOSE,988,,1987,30,592,375,Pending,,,http://www.redfin.com/CA/San-Jose/2028-Tradan-Dr-95132/home/1114947,MLSListings,ML81781702,N,Y,37.401527,-121.883088
PAST SALE,March-4-2020,Single Family Residential,4755 Sally Dr,SAN JOSE,CA,95124,1610000,3,2.0,SAN JOSE,2147,7500,1956,3,750,,Sold,,,http://www.redfin.com/CA/San-Jose/4755-Sally-Dr-95124/home/1217813,MLSListings,ML81781696,N,Y,37.2515862,-121.9175991
MLS Listing,,Townhouse,56 Holmes Dr,SAN JOSE,CA,95127,910000,3,2.5,SAN JOSE,2492,1493,1982,30,365,438,Active,March-8-2020 01:00 PM,March-8-2020 04:00 PM,http://www.redfin.com/CA/San-Jose/56-Holmes-Dr-95127/home/1127730,MLSListings,ML81779183,N,Y,37.3832359,-121.819337
MLS Listing,,Mobile/Manufactured Home,200 FORD #180,SAN JOSE,CA,95138,338000,3,2.0,SAN JOSE,1516,,1999,30,223,,Active,,,http://www.redfin.com/CA/San-Jose/200-Ford-Rd-95138/unit-180/home/924428,MLSListings,ML81781693,N,Y,37.2531444,-121.7933309
PAST SALE,February-28-2020,Single Family Residential,847 Jansen Ave,SAN JOSE,CA,95125,1600000,3,2.5,SAN JOSE,1581,7572,1968,8,1012,,Sold,,,http://www.redfin.com/CA/San-Jose/847-Jansen-Ave-95125/home/839960,MLSListings,ML81781675,N,Y,37.3047519,-121.8900134
MLS Listing,,Single Family Residential,573 Clifton Ave,SAN JOSE,CA,95128,999888,3,3.0,SAN JOSE,1720,5992,1950,30,581,,Contingent,,,http://www.redfin.com/CA/San-Jose/573-Clifton-Ave-95128/home/1544283,MLSListings,ML81781674,N,Y,37.3174175,-121.9251556
PAST SALE,,Single Family Residential,3039 Rollingwood Ct,San Jose,CA,95148,760000,4,3.0,,1968,8030,1981,,386,,,,,http://www.redfin.com/CA/San-Jose/3039-Rollingwood-Ct-95148/home/1270602,,,N,Y,37.3287084,-121.773215
PAST SALE,June-18-2002,Single Family Residential,3206 Zion Ln,SAN JOSE,CA,95132,1059000,3,2.0,SAN JOSE,1252,6028,1960,30,846,,Pending,,,http://www.redfin.com/CA/San-Jose/3206-Zion-Ln-95132/home/556118,MLSListings,ML81781663,N,Y,37.399617,-121.8503233
PAST SALE,,Single Family Residential,1838 E Saint James St,SAN JOSE,CA,95116,650000,3,1.0,SAN JOSE,1000,6615,1949,30,650,,Pending,,,http://www.redfin.com/CA/San-Jose/1838-E-St-James-St-95116/home/1840329,MLSListings,ML81781662,N,Y,37.3570731,-121.856666
PAST SALE,,Single Family Residential,2051 Mary Helen Ln,SAN JOSE,CA,95136,1100000,3,3.0,SAN JOSE,2262,2627,2005,30,486,72,Pending,,,http://www.redfin.com/CA/San-Jose/2051-Mary-Helen-Ln-95136/home/2125574,MLSListings,ML81781650,N,Y,37.2882563,-121.8628322
PAST SALE,November-6-1974,Single Family Residential,1102 Amur Creek Ct,SAN JOSE,CA,95120,1650000,4,2.5,SAN JOSE,2574,7550,1974,30,641,,Pending,,,http://www.redfin.com/CA/San-Jose/1102-Amur-Creek-Ct-95120/home/1374381,MLSListings,ML81781647,N,Y,37.203452,-121.84205
MLS Listing,,Multi-Family (2-4 Unit),3054 Westboro Dr,SAN JOSE,CA,95127,899000,4,,SAN JOSE,1728,5088,1965,30,520,,Active,,,http://www.redfin.com/CA/San-Jose/3054-Westboro-Dr-95127/home/1518795,MLSListings,ML81781640,N,Y,37.3590038,-121.8232484
PAST SALE,November-6-2015,Townhouse,1807 Camino Leonor,SAN JOSE,CA,95131,899000,2,2.5,SAN JOSE,1519,10516,2006,30,592,341,Pending,,,http://www.redfin.com/CA/San-Jose/1807-Camino-Leonor-95131/home/12179870,MLSListings,ML81781616,N,Y,37.3902799,-121.8898847
PAST SALE,March-4-2020,Condo/Co-op,1327 Scossa Ave #3,SAN JOSE,CA,95118,465000,2,1.0,SAN JOSE,903,3498,1970,3,515,379,Sold,,,http://www.redfin.com/CA/San-Jose/1327-Scossa-Ave-95118/unit-3/home/926301,MLSListings,ML81781609,N,Y,37.2579229,-121.8875231
PAST SALE,,Townhouse,5115 Le Miccine Ter,SAN JOSE,CA,95129,1298000,3,2.5,SAN JOSE,1604,960,2006,30,809,350,Pending,,,http://www.redfin.com/CA/San-Jose/5115-Le-Miccine-Ter-95129/home/2124135,MLSListings,ML81781599,N,Y,37.2937612,-121.9914508
PAST SALE,February-24-2020,Condo/Co-op,1550 Technology Dr #4098,SAN JOSE,CA,95110,600000,1,1.0,SAN JOSE,875,,2005,12,686,444,Sold,,,http://www.redfin.com/CA/San-Jose/1550-Technology-Dr-95110/unit-4098/home/12178070,MLSListings,ML81781597,N,Y,37.3636294,-121.9141646
PAST SALE,July-1-1992,Single Family Residential,1254 Arnold Ave,SAN JOSE,CA,95110,980000,3,2.0,SAN JOSE,1460,5007,1947,30,671,,Pending,,,http://www.redfin.com/CA/San-Jose/1254-Arnold-Ave-95110/home/1440667,MLSListings,ML81781596,N,Y,37.3586744,-121.909153
PAST SALE,January-29-2020,Single Family Residential,140 Santa Rosa Dr,SAN JOSE,CA,95111,879900,4,3.0,SAN JOSE,1617,6064,1959,30,544,,Pending,,,http://www.redfin.com/CA/San-Jose/140-Santa-Rosa-Dr-95111/home/1538010,MLSListings,ML81781589,N,Y,37.2786056,-121.8311958
PAST SALE,March-3-2020,Townhouse,1282 Weibel Way,SAN JOSE,CA,95125,1055000,2,2.5,SAN JOSE,1224,2342,1985,4,862,406,Sold,,,http://www.redfin.com/CA/San-Jose/1282-Weibel-Way-95125/home/730591,MLSListings,ML81781583,N,Y,37.2991217,-121.9252445
PAST SALE,April-18-2017,Single Family Residential,5503 Muir Dr,SAN JOSE,CA,95124,1460000,4,2.0,SAN JOSE,1913,7874,1959,30,763,,Pending,,,http://www.redfin.com/CA/San-Jose/5503-Muir-Dr-95124/home/1678375,MLSListings,ML81781579,N,Y,37.2379855,-121.9101977
PAST SALE,October-5-1993,Single Family Residential,2442 Camrose Ave,SAN JOSE,CA,95130,1589000,3,2.0,SAN JOSE,1610,6271,1959,30,987,,Pending,,,http://www.redfin.com/CA/San-Jose/2442-Camrose-Ave-95130/home/1427204,MLSListings,ML81781576,N,Y,37.2779866,-121.9874105
PAST SALE,November-26-2018,Townhouse,1573 De Rome Dr #7,SAN JOSE,CA,95131,1271000,4,3.5,SAN JOSE,1847,1847,2018,467,688,272,Sold,,,http://www.redfin.com/CA/San-Jose/1573-De-Rome-Dr-95131/unit-7/home/145996741,MLSListings,ML81708965,N,Y,37.3714114,-121.8787236
PAST SALE,January-15-1998,Single Family Residential,1173 Creston Ln,SAN JOSE,CA,95122,749950,3,2.0,SAN JOSE,1068,6220,1979,30,702,,Pending,,,http://www.redfin.com/CA/San-Jose/1173-Creston-Ln-95122/home/1518481,MLSListings,ML81781570,N,Y,37.3303771,-121.8497451
MLS Listing,,Condo/Co-op,148 S 3rd St,SAN JOSE,CA,95112,822000,2,2.5,SAN JOSE,1458,,1996,30,564,614,Active,,,http://www.redfin.com/CA/San-Jose/148-S-3rd-St-95112/home/1246098,MLSListings,ML81781568,N,Y,37.3337907,-121.8856591
PAST SALE,December-15-2011,Condo/Co-op,7267 Ventana Dr,SAN JOSE,CA,95129,1148000,2,2.0,SAN JOSE,1045,1156,1992,30,1099,468,Pending,,,http://www.redfin.com/CA/San-Jose/7267-Ventana-Dr-95129/home/1282026,MLSListings,ML81781566,N,Y,37.30908,-122.031395
PAST SALE,June-29-2015,Condo/Co-op,1325 Greenwich Ct,SAN JOSE,CA,95125,950000,2,2.5,SAN JOSE,1622,,1981,31,586,450,Pending,,,http://www.redfin.com/CA/San-Jose/1325-Greenwich-Ct-95125/home/1261131,MLSListings,ML81781564,N,Y,37.2988315,-121.9230007
PAST SALE,April-11-2019,Single Family Residential,1630 Babero Ave,SAN JOSE,CA,95118,1298000,4,3.0,SAN JOSE,1826,5648,1953,31,711,,Pending,,,http://www.redfin.com/CA/San-Jose/1630-Babero-Ave-95118/home/853632,MLSListings,ML81781555,N,Y,37.2701704,-121.9043073
PAST SALE,December-28-2010,Townhouse,2067 Swensen Ct,SAN JOSE,CA,95131,648000,3,1.5,SAN JOSE,994,2079,1971,31,652,283,Pending,,,http://www.redfin.com/CA/San-Jose/2067-Swensen-Ct-95131/home/693146,MLSListings,ML81781552,N,Y,37.3804255,-121.869339
PAST SALE,,Townhouse,653 Modern Ice Dr,SAN JOSE,CA,95112,754888,3,2.0,SAN JOSE,1224,1043,2008,31,617,231,Pending,,,http://www.redfin.com/CA/San-Jose/653-Modern-Ice-Dr-95112/home/28894992,MLSListings,ML81781550,N,Y,37.36133,-121.890808
PAST SALE,May-18-2010,Townhouse,2610 Baton Rouge Dr,SAN JOSE,CA,95133,798000,3,3.0,SAN JOSE,1477,707,2005,31,540,198,Pending,,,http://www.redfin.com/CA/San-Jose/2610-Baton-Rouge-Dr-95133/home/2123550,MLSListings,ML81781548,N,Y,37.375898,-121.849897
PAST SALE,April-8-1992,Single Family Residential,3208 Kawalker Ln,SAN JOSE,CA,95127,1219888,4,2.5,SAN JOSE,2261,6193,1974,31,540,,Pending,,,http://www.redfin.com/CA/San-Jose/3208-Kawalker-Ln-95127/home/945372,MLSListings,ML81781527,N,Y,37.3872835,-121.840582
MLS Listing,,Single Family Residential,1112 Nevada Ave,SAN JOSE,CA,95125,1589888,3,2.5,SAN JOSE,1830,6860,1981,31,869,,Active,,,http://www.redfin.com/CA/San-Jose/1112-Nevada-Ave-95125/home/1432877,MLSListings,ML81781506,N,Y,37.3006261,-121.8956823
MLS Listing,,Condo/Co-op,1317 Coyote Creek Way,MILPITAS,CA,95035,998000,3,3.5,MILPITAS,1668,,2013,31,598,240,Contingent,,,http://www.redfin.com/CA/Milpitas/1317-Coyote-Creek-Way-95035/home/95955494,MLSListings,ML81781499,N,Y,37.4172929,-121.9274143
PAST SALE,October-22-2019,Single Family Residential,1483 Glacier Dr,SAN JOSE,CA,95118,1349000,3,2.0,SAN JOSE,1474,6075,1964,31,915,,Pending,,,http://www.redfin.com/CA/San-Jose/1483-Glacier-Dr-95118/home/974461,MLSListings,ML81781488,N,Y,37.2634722,-121.8932147
PAST SALE,February-22-2012,Condo/Co-op,809 Auzerais Ave #128,SAN JOSE,CA,95126,774000,2,2.0,SAN JOSE,1274,,2008,31,608,466,Pending,,,http://www.redfin.com/CA/San-Jose/809-Auzerais-Ave-95126/unit-128/home/17289246,MLSListings,ML81781486,N,Y,37.3215704,-121.9056191
PAST SALE,July-7-2009,Single Family Residential,3593 Woodford Dr,SAN JOSE,CA,95124,1375000,3,2.5,SAN JOSE,1936,7703,1996,31,710,,Pending,,,http://www.redfin.com/CA/San-Jose/3593-Woodford-Dr-95124/home/1403399,MLSListings,ML81781478,N,Y,37.2629462,-121.912776
PAST SALE,June-22-2001,Condo/Co-op,2330 Samaritan Pl #4,SAN JOSE,CA,95124,569000,2,1.0,SAN JOSE,798,,1973,31,713,340,Pending,,,http://www.redfin.com/CA/San-Jose/2330-Samaritan-Pl-95124/unit-4/home/888020,MLSListings,ML81780747,N,Y,37.2519843,-121.9431534
PAST SALE,,Single Family Residential,1069 Arlington Ln,SAN JOSE,CA,95129,1899000,3,2.0,SAN JOSE,1497,6010,1956,31,1269,,Pending,,,http://www.redfin.com/CA/San-Jose/1069-Arlington-Ln-95129/home/1790496,MLSListings,ML81781454,N,Y,37.307801,-122.0268958
PAST SALE,October-16-1990,Townhouse,2596 Declaration Dr,SAN JOSE,CA,95116,609000,3,2.5,SAN JOSE,1223,1258,1988,31,498,187,Pending,,,http://www.redfin.com/CA/San-Jose/2596-Declaration-Dr-95116/home/975318,MLSListings,ML81781451,N,Y,37.3587979,-121.8335536
PAST SALE,,Condo/Co-op,841 Berryessa Rd,SAN JOSE,CA,95112,775000,3,2.5,SAN JOSE,1391,583,2009,31,557,231,Pending,,,http://www.redfin.com/CA/San-Jose/841-Berryessa-Rd-95112/home/40175675,MLSListings,ML81781041,N,Y,37.3620189,-121.888523
PAST SALE,November-1-1971,Single Family Residential,3289 Andora Dr,SAN JOSE,CA,95148,849000,4,2.0,SAN JOSE,1616,5975,1967,31,525,,Pending,,,http://www.redfin.com/CA/San-Jose/3289-Andora-Dr-95148/home/950817,MLSListings,ML81781446,N,Y,37.3467671,-121.8028989
MLS Listing,,Single Family Residential,20323 Bollinger Rd,CUPERTINO,CA,95014,2138000,5,3.0,CUPERTINO,2542,7657,1975,31,841,,Contingent,,,http://www.redfin.com/CA/Cupertino/20323-Bollinger-Rd-95014/home/1636017,MLSListings,ML81781445,N,Y,37.3118791,-122.0290051
PAST SALE,,Mobile/Manufactured Home,764 VILLA TERESA Way #764,San Jose,CA,95123,,,,,,,,,,,Sold,,,http://www.redfin.com/CA/San-Jose/764-Villa-Teresa-Way-95123/unit-764/home/63745624,MLSListings,,N,Y,37.243599,-121.8573559
PAST SALE,,Condo/Co-op,1073 Foxglove Pl #103,SAN JOSE,CA,95131,1070000,2,2.5,SAN JOSE,1690,,2014,31,633,315,Pending,,,http://www.redfin.com/CA/San-Jose/1073-Foxglove-Pl-95131/unit-103/home/95957565,MLSListings,ML81781436,N,Y,37.3799459,-121.8969478
MLS Listing,,Single Family Residential,1341 Robsheal Dr,SAN JOSE,CA,95125,2895000,5,4.0,SAN JOSE,3420,10322,1962,31,846,,Active,March-7-2020 01:00 PM,March-7-2020 04:00 PM,http://www.redfin.com/CA/San-Jose/1341-Robsheal-Dr-95125/home/928141,MLSListings,ML81781426,N,Y,37.2928851,-121.9002394
PAST SALE,December-29-1989,Single Family Residential,1916 Villarita Dr,CAMPBELL,CA,95008,1375000,4,2.0,CAMPBELL,1252,6600,1957,31,1098,,Pending,,,http://www.redfin.com/CA/Campbell/1916-Villarita-Dr-95008/home/1673677,MLSListings,ML81781425,N,Y,37.2864705,-121.9827015
PAST SALE,February-26-2016,Condo/Co-op,165 Silcreek Dr,SAN JOSE,CA,95116,530000,2,2.0,SAN JOSE,1313,,1984,31,404,552,Pending,,,http://www.redfin.com/CA/San-Jose/165-Silcreek-Dr-95116/home/1807213,MLSListings,ML81780367,N,Y,37.357143,-121.854171
PAST SALE,October-18-2013,Single Family Residential,485 Mignot Ln,SAN JOSE,CA,95111,749000,3,1.5,SAN JOSE,1113,5053,1958,31,673,,Pending,,,http://www.redfin.com/CA/San-Jose/485-Mignot-Ln-95111/home/958239,MLSListings,ML81781413,N,Y,37.2848319,-121.8279927
PAST SALE,December-15-2009,Single Family Residential,403 S 15th St,SAN JOSE,CA,95112,1199000,3,2.0,SAN JOSE,1690,6436,1914,31,709,,Pending,,,http://www.redfin.com/CA/San-Jose/403-S-15th-St-95112/home/1506049,MLSListings,ML81780896,N,Y,37.3364623,-121.8717155
PAST SALE,June-1-1974,Condo/Co-op,1511 Tosca Ct,SAN JOSE,CA,95121,560000,4,2.5,SAN JOSE,1474,1012,1970,31,380,347,Pending,,,http://www.redfin.com/CA/San-Jose/1511-Tosca-Ct-95121/home/1535927,MLSListings,ML81781403,N,Y,37.315213,-121.826137
MLS Listing,,Single Family Residential,19333 Graystone Ln,SAN JOSE,CA,95120,3980000,5,4.5,SAN JOSE,5196,82238,2020,31,766,,Active,,,http://www.redfin.com/CA/San-Jose/19333-Graystone-Ln-95120/home/161079596,MLSListings,ML81781400,N,Y,37.217066,-121.834616
MLS Listing,,Condo/Co-op,2664 Senter Rd #219,SAN JOSE,CA,95111,499950,2,2.0,SAN JOSE,1026,1107,1989,31,487,355,Contingent,,,http://www.redfin.com/CA/San-Jose/2664-Senter-Rd-95111/unit-219/home/1699826,MLSListings,ML81781398,N,Y,37.301855,-121.8412984
PAST SALE,February-28-2020,Single Family Residential,1241 Wooded Hills Dr,SAN JOSE,CA,95120,1960000,3,2.5,SAN JOSE,2518,15386,1968,8,778,,Sold,,,http://www.redfin.com/CA/San-Jose/1241-Wooded-Hills-Dr-95120/home/1348844,MLSListings,ML81781397,N,Y,37.2091642,-121.8649336
PAST SALE,April-26-1988,Single Family Residential,1560 Sanborn Ave,SAN JOSE,CA,95110,799000,4,2.0,SAN JOSE,1578,7079,1980,31,506,,Pending,,,http://www.redfin.com/CA/San-Jose/1560-Sanborn-Ave-95110/home/1417460,MLSListings,ML81781145,N,Y,37.3128049,-121.8729384
PAST SALE,November-14-2002,Single Family Residential,1190 Meredith Ave,SAN JOSE,CA,95125,1675000,3,2.0,SAN JOSE,1644,10160,1942,31,1019,,Pending,,,http://www.redfin.com/CA/San-Jose/1190-Meredith-Ave-95125/home/1596299,MLSListings,ML81781390,N,Y,37.3051324,-121.903596
PAST SALE,,Townhouse,605 Adeline Ave,SAN JOSE,CA,95136,895000,2,2.5,SAN JOSE,1777,1132,2005,31,504,220,Pending,,,http://www.redfin.com/CA/San-Jose/605-Adeline-Ave-95136/home/1052424,MLSListings,ML81781139,N,Y,37.285612,-121.860255
PAST SALE,,Condo/Co-op,470 S 22nd St,SAN JOSE,CA,95116,928000,4,3.5,SAN JOSE,1917,799,2014,31,484,247,Pending,,,http://www.redfin.com/CA/San-Jose/470-S-22nd-St-95116/home/95955604,MLSListings,ML81781385,N,Y,37.3393179,-121.8631183
PAST SALE,August-11-1999,Townhouse,4662 Columbia River Ct,SAN JOSE,CA,95136,730000,3,2.5,SAN JOSE,1441,1610,1973,31,507,435,Pending,,,http://www.redfin.com/CA/San-Jose/4662-Columbia-River-Ct-95136/home/947371,MLSListings,ML81781379,N,Y,37.263822,-121.8643725
MLS Listing,,Condo/Co-op,1053 Cumberland Pl,SAN JOSE,CA,95125,920000,3,2.0,SAN JOSE,1319,3060,1974,31,697,523,Active,March-7-2020 02:00 PM,March-7-2020 04:00 PM,http://www.redfin.com/CA/San-Jose/1053-Cumberland-Pl-95125/home/1617045,MLSListings,ML81781371,N,Y,37.2877116,-121.885013
PAST SALE,August-1-1971,Single Family Residential,1174 Denver Dr,CAMPBELL,CA,95008,1300000,2,2.0,CAMPBELL,1300,7069,1958,31,1000,,Pending,,,http://www.redfin.com/CA/Campbell/1174-Denver-Dr-95008/home/732650,MLSListings,ML81781369,N,Y,37.2921766,-121.9704839
MLS Listing,,Condo/Co-op,2303 Silver Breeze Ct,SAN JOSE,CA,95138,1210000,2,2.0,SAN JOSE,2154,,1995,31,562,553,Contingent,,,http://www.redfin.com/CA/San-Jose/2303-Silver-Breeze-Ct-95138/home/976759,MLSListings,ML81780746,N,Y,37.28178,-121.766944
PAST SALE,May-30-2014,Single Family Residential,1522 Padres Dr,SAN JOSE,CA,95125,1995000,4,2.5,SAN JOSE,3286,9649,1990,31,607,,Pending,,,http://www.redfin.com/CA/San-Jose/1522-Padres-Dr-95125/home/842717,MLSListings,ML81781359,N,Y,37.3070704,-121.8858561
PAST SALE,February-20-2020,Single Family Residential,1120 N 3rd St,SAN JOSE,CA,95112,1080000,2,2.0,SAN JOSE,1379,7239,1939,16,783,,Sold,,,http://www.redfin.com/CA/San-Jose/1120-N-3rd-St-95112/home/1341616,MLSListings,ML81781355,N,Y,37.3578769,-121.9035515
MLS Listing,,Single Family Residential,927 Alba Ct,SAN JOSE,CA,95127,895888,3,2.0,SAN JOSE,1165,5516,1955,32,769,,Contingent,,,http://www.redfin.com/CA/San-Jose/927-Alba-Ct-95127/home/796344,MLSListings,ML81781339,N,Y,37.3900852,-121.836623
PAST SALE,May-5-1988,Single Family Residential,151 N 24th St,SAN JOSE,CA,95116,699000,2,1.0,SAN JOSE,904,4800,1920,32,773,,Pending,,,http://www.redfin.com/CA/San-Jose/151-N-24th-St-95116/home/1478277,MLSListings,ML81781338,N,Y,37.3487145,-121.8697143
MLS Listing,,Townhouse,5951 Sunstone Dr #202,SAN JOSE,CA,95123,850000,3,3.0,SAN JOSE,1736,1000,2019,32,490,700,Active,,,http://www.redfin.com/CA/San-Jose/5951-Sunstone-Dr-95123/unit-202/home/168906995,MLSListings,ML81781336,N,Y,37.2419754,-121.7976
PAST SALE,August-11-2016,Single Family Residential,5890 Garces Ave,SAN JOSE,CA,95123,939950,4,2.0,SAN JOSE,1321,6303,1971,32,712,,Pending,,,http://www.redfin.com/CA/San-Jose/5890-Garces-Ave-95123/home/1351149,MLSListings,ML81781331,N,Y,37.2422777,-121.8521024
MLS Listing,,Single Family Residential,333 W Virginia St,SAN JOSE,CA,95110,550000,2,1.0,SAN JOSE,1095,4440,1910,32,502,,Active,,,http://www.redfin.com/CA/San-Jose/333-W-Virginia-St-95110/home/709706,MLSListings,ML81781330,N,Y,37.3205598,-121.8883905
PAST SALE,September-19-2019,Single Family Residential,1571 Keesling Ave,SAN JOSE,CA,95125,1299000,3,1.0,SAN JOSE,1411,13302,1940,32,921,,Pending,,,http://www.redfin.com/CA/San-Jose/1571-Keesling-Ave-95125/home/665733,MLSListings,ML81781328,N,Y,37.2956438,-121.9119092
MLS Listing,,Condo/Co-op,1898 Meridian Ave #31,SAN JOSE,CA,95125,699000,3,2.0,SAN JOSE,1312,,1964,32,533,410,Contingent,,,http://www.redfin.com/CA/San-Jose/1898-Meridian-Ave-95125/unit-31/home/584304,MLSListings,ML81781327,N,Y,37.28912,-121.9122363
MLS Listing,,Multi-Family (2-4 Unit),101 Oak St,SAN JOSE,CA,95110,1188000,8,,SAN JOSE,2100,2379,1906,32,566,,Active,,,http://www.redfin.com/CA/San-Jose/101-Oak-St-95110/home/1836602,MLSListings,ML81781325,N,Y,37.321742,-121.882108
MLS Listing,,Single Family Residential,1354 Daphne Dr,SAN JOSE,CA,95129,3775000,5,5.5,SAN JOSE,3431,8293,2020,32,1100,,Active,,,http://www.redfin.com/CA/San-Jose/1354-Daphne-Dr-95129/home/1264206,MLSListings,ML81781311,N,Y,37.299031,-122.0213447
PAST SALE,August-8-2000,Single Family Residential,1673 Forman Ave,SAN JOSE,CA,95124,1298000,3,2.0,SAN JOSE,1583,6096,1959,32,820,,Pending,,,http://www.redfin.com/CA/San-Jose/1673-Forman-Ave-95124/home/997917,MLSListings,ML81781295,N,Y,37.2598786,-121.9076415
PAST SALE,September-7-2016,Single Family Residential,4770 Eagle Lake Dr,SAN JOSE,CA,95136,849000,3,2.0,SAN JOSE,1507,3520,1975,32,563,,Pending,,,http://www.redfin.com/CA/San-Jose/4770-Eagle-Lake-Dr-95136/home/860899,MLSListings,ML81781291,N,Y,37.2628932,-121.8677798
PAST SALE,February-25-2020,Single Family Residential,1348 Whitegate Ave,SAN JOSE,CA,95125,1800000,4,3.0,SAN JOSE,2400,9500,1959,11,750,,Sold,,,http://www.redfin.com/CA/San-Jose/1348-Whitegate-Ave-95125/home/1473299,MLSListings,ML81781292,N,Y,37.2764466,-121.8885239
MLS Listing,,Single Family Residential,1207 Curtner Ave,SAN JOSE,CA,95125,1290000,3,2.0,SAN JOSE,1288,7461,1947,32,1002,,Active,March-7-2020 01:30 PM,March-7-2020 04:30 PM,http://www.redfin.com/CA/San-Jose/1207-Curtner-Ave-95125/home/1646274,MLSListings,ML81780478,N,Y,37.2887844,-121.8912806
PAST SALE,October-31-2011,Condo/Co-op,38 N Almaden Blvd #1003,SAN JOSE,CA,95110,725000,1,1.0,SAN JOSE,868,,2008,32,835,525,Pending,,,http://www.redfin.com/CA/San-Jose/38-N-Almaden-Blvd-95110/unit-1003/home/17288118,MLSListings,ML81781267,N,Y,37.3350834,-121.8954751
PAST SALE,March-4-2020,Condo/Co-op,850 Apricot Ave Unit D,CAMPBELL,CA,95008,720000,2,2.0,CAMPBELL,1065,,1982,3,676,495,Sold,,,http://www.redfin.com/CA/Campbell/850-Apricot-Ave-95008/unit-D/home/825193,MLSListings,ML81781266,N,Y,37.283219,-121.93452
PAST SALE,,Single Family Residential,19515 Mockingbird Hill Ln,SAN JOSE,CA,95120,1685000,3,2.5,SAN JOSE,2080,93798,1957,32,810,,Pending,,,http://www.redfin.com/CA/San-Jose/19515-Mockingbird-Hill-Ln-95120/home/602312,MLSListings,ML81781258,N,Y,37.195211,-121.835349
PAST SALE,December-30-2011,Single Family Residential,304 Los Pinos Way,SAN JOSE,CA,95119,899000,3,2.0,SAN JOSE,1677,7782,1968,32,536,33,Pending,,,http://www.redfin.com/CA/San-Jose/304-Los-Pinos-Way-95119/home/1006085,MLSListings,ML81781251,N,Y,37.2326677,-121.8006295
PAST SALE,December-5-1986,Single Family Residential,5026 Jarvis Ave,SAN JOSE,CA,95118,1075000,4,2.0,SAN JOSE,1408,6413,1963,32,763,,Pending,,,http://www.redfin.com/CA/San-Jose/5026-Jarvis-Ave-95118/home/1767630,MLSListings,ML81781245,N,Y,37.2546199,-121.8860339
PAST SALE,September-6-2019,Single Family Residential,6223 Sager Way,San Jose,CA,95123,1089500,3,2.0,San Jose Cc,1409,5985,1968,32,773,,Pending,,,http://www.redfin.com/CA/San-Jose/6223-Sager-Way-95123/home/1002663,Bridge MLS,40894220,N,Y,37.2318816,-121.8362671
PAST SALE,March-26-2018,Condo/Co-op,293 Tradewinds Dr #8,SAN JOSE,CA,95123,581000,3,2.0,SAN JOSE,1252,1225,1970,712,464,437,Sold,,,http://www.redfin.com/CA/San-Jose/293-Tradewinds-Dr-95123/unit-8/home/1733106,MLSListings,ML81692422,N,Y,37.2560953,-121.82676
PAST SALE,September-17-2013,Single Family Residential,723 N 4th St,SAN JOSE,CA,95112,798800,1,1.0,SAN JOSE,752,6663,1919,32,1062,,Pending,,,http://www.redfin.com/CA/San-Jose/723-N-4th-St-95112/home/1399416,MLSListings,ML81781227,N,Y,37.3511518,-121.8977608
PAST SALE,,Single Family Residential,961 Wallace Dr,SAN JOSE,CA,95120,1259995,4,2.0,SAN JOSE,1859,6736,1965,32,678,,Pending,,,http://www.redfin.com/CA/San-Jose/961-Wallace-Dr-95120/home/1003309,MLSListings,ML81781218,N,Y,37.2251845,-121.8587739
PAST SALE,March-5-2020,Condo/Co-op,333 Santana Row #330,SAN JOSE,CA,95128,1549000,2,2.5,SAN JOSE,1513,,2002,2,1024,642,Sold,,,http://www.redfin.com/CA/San-Jose/333-Santana-Row-95128/unit-330/home/17293040,MLSListings,ML81781216,N,Y,37.3219436,-121.948321
MLS Listing,,Townhouse,1636 Branham Ln Unit F,SAN JOSE,CA,95118,799000,2,1.5,SAN JOSE,1134,1100,1977,32,705,350,Active,March-7-2020 01:00 PM,March-7-2020 04:00 PM,http://www.redfin.com/CA/San-Jose/1636-Branham-Ln-95118/unit-F/home/1123086,MLSListings,ML81781215,N,Y,37.252471,-121.902943
MLS Listing,,Townhouse,5915 Kyburz Pl,SAN JOSE,CA,95120,1095000,2,2.5,SAN JOSE,2175,2469,1980,32,503,720,Active,,,http://www.redfin.com/CA/San-Jose/5915-Kyburz-Pl-95120/home/1238987,MLSListings,ML81780668,N,Y,37.235549,-121.883676
PAST SALE,June-23-1978,Single Family Residential,130 S 17th St,SAN JOSE,CA,95112,1750000,4,3.0,SAN JOSE,3076,7942,1948,32,569,,Pending,,,http://www.redfin.com/CA/San-Jose/130-S-17th-St-95112/home/1728864,MLSListings,ML81781210,N,Y,37.3416751,-121.8723825
PAST SALE,April-27-2000,Single Family Residential,2801 Lucena Dr,SAN JOSE,CA,95132,1088000,4,2.0,SAN JOSE,1478,6900,1965,32,736,,Pending,,,http://www.redfin.com/CA/San-Jose/2801-Lucena-Dr-95132/home/1692499,MLSListings,ML81781208,N,Y,37.3989356,-121.8670016
PAST SALE,July-10-2015,Single Family Residential,397 Jai Dr,SAN JOSE,CA,95119,929000,3,2.0,SAN JOSE,1343,7221,1970,32,692,,Pending,,,http://www.redfin.com/CA/San-Jose/397-Jai-Dr-95119/home/1133444,MLSListings,ML81780969,N,Y,37.2287044,-121.8034329
MLS Listing,,Condo/Co-op,333 Santana Row #344,SAN JOSE,CA,95128,2299000,4,3.0,SAN JOSE,2037,,2002,32,1129,770,Active,,,http://www.redfin.com/CA/San-Jose/333-Santana-Row-95128/unit-344/home/17293038,MLSListings,ML81780190,N,Y,37.3219436,-121.948321
MLS Listing,,Condo/Co-op,7037 Via Valverde,SAN JOSE,CA,95135,699000,2,2.0,SAN JOSE,1588,2094,1980,32,440,937,Contingent,,,http://www.redfin.com/CA/San-Jose/7037-Via-Valverde-95135/home/1124315,MLSListings,ML81781206,N,Y,37.293801,-121.749874
PAST SALE,February-28-2020,Single Family Residential,10641 Porter Ln,SAN JOSE,CA,95127,1075000,3,2.0,SAN JOSE,1687,7205,1960,8,637,,Sold,,,http://www.redfin.com/CA/San-Jose/10641-Porter-Ln-95127/home/947857,MLSListings,ML81781205,N,Y,37.3748973,-121.8116646
PAST SALE,November-17-2006,Townhouse,5654 Sunflower Ln,SAN JOSE,CA,95118,798888,2,1.5,SAN JOSE,1318,2025,1977,32,606,439,Pending,,,http://www.redfin.com/CA/San-Jose/5654-Sunflower-Ln-95118/home/921025,MLSListings,ML81779274,N,Y,37.243901,-121.886012
MLS Listing,,Condo/Co-op,3315 Lake Albano Cir,SAN JOSE,CA,95135,747000,2,2.0,SAN JOSE,1457,1788,1985,32,513,941,Active,,,http://www.redfin.com/CA/San-Jose/3315-Lake-Albano-Cir-95135/home/908109,MLSListings,ML81781204,N,Y,37.2884953,-121.7610632
PAST SALE,March-4-2020,Single Family Residential,135 Cheltenham Way,SAN JOSE,CA,95139,1220000,4,3.0,SAN JOSE,1822,7375,1972,3,670,,Sold,,,http://www.redfin.com/CA/San-Jose/135-Cheltenham-Way-95139/home/1007954,MLSListings,ML81781201,N,Y,37.2247057,-121.7623096
MLS Listing,,Single Family Residential,744 Morse St,SAN JOSE,CA,95126,2698000,4,2.5,SAN JOSE,3420,8061,1920,32,789,,Contingent,,,http://www.redfin.com/CA/San-Jose/744-Morse-St-95126/home/1329270,MLSListings,ML81781189,N,Y,37.3370852,-121.9211107
PAST SALE,March-6-2020,Single Family Residential,4908 Tony Ave,SAN JOSE,CA,95124,1450000,3,2.0,SAN JOSE,1200,6364,1956,1,1208,,Sold,,,http://www.redfin.com/CA/San-Jose/4908-Tony-Ave-95124/home/665564,MLSListings,ML81781174,N,Y,37.2486579,-121.9256001
PAST SALE,June-29-2006,Single Family Residential,8875 Wine Valley Cir,SAN JOSE,CA,95135,1099000,2,2.5,SAN JOSE,2256,5863,1997,32,487,550,Pending,,,http://www.redfin.com/CA/San-Jose/8875-Wine-Valley-Cir-95135/home/965991,MLSListings,ML81781188,N,Y,37.2865139,-121.7403176
PAST SALE,February-19-2020,Single Family Residential,5318 Apple Blossom Dr,SAN JOSE,CA,95123,1100000,3,2.0,SAN JOSE,1760,6100,1976,17,625,,Sold,,,http://www.redfin.com/CA/San-Jose/5318-Apple-Blossom-Dr-95123/home/1389760,MLSListings,ML81779855,N,Y,37.2582942,-121.8135333
MLS Listing,,Single Family Residential,2451 Glen Fox Ct,SAN JOSE,CA,95148,1350000,5,3.0,SAN JOSE,2533,8253,1984,32,533,,Contingent,,,http://www.redfin.com/CA/San-Jose/2451-Glen-Fox-Ct-95148/home/1476612,MLSListings,ML81781187,N,Y,37.3338646,-121.8016529
PAST SALE,February-27-2020,Single Family Residential,939 Rock Canyon Cir,SAN JOSE,CA,95127,1558260,4,2.5,SAN JOSE,2912,10620,1980,9,535,,Sold,,,http://www.redfin.com/CA/San-Jose/939-Rock-Canyon-Cir-95127/home/1374600,MLSListings,ML81781169,N,Y,37.3930833,-121.8273032
PAST SALE,March-2-2020,Single Family Residential,3058 Kirk Rd,SAN JOSE,CA,95124,1150000,3,2.0,SAN JOSE,1410,5020,1953,5,816,,Sold,,,http://www.redfin.com/CA/San-Jose/3058-Kirk-Rd-95124/home/1229271,MLSListings,ML81781162,N,Y,37.2690223,-121.9088863
PAST SALE,August-16-2016,Condo/Co-op,8105 Cabernet Ct,SAN JOSE,CA,95135,639000,2,2.0,SAN JOSE,1571,3200,1978,33,407,1115,Pending,,,http://www.redfin.com/CA/San-Jose/8105-Cabernet-Ct-95135/home/852281,MLSListings,ML81780508,N,Y,37.286873,-121.747944
PAST SALE,August-23-2013,Townhouse,152 Monte Villa Ct,CAMPBELL,CA,95008,849888,3,2.5,CAMPBELL,1360,714,1984,33,625,355,Pending,,,http://www.redfin.com/CA/Campbell/152-Monte-Villa-Ct-95008/home/831133,MLSListings,ML81779744,N,Y,37.2607039,-121.948206
MLS Listing,,Condo/Co-op,3265 Sangiovese Pl,SAN JOSE,CA,95135,935000,2,2.5,SAN JOSE,1398,,2000,33,669,249,Active,,,http://www.redfin.com/CA/San-Jose/3265-Sangiovese-Pl-95135/home/1036901,MLSListings,ML81781128,N,Y,37.3141449,-121.7764738
PAST SALE,November-16-2009,Townhouse,381 Caribe Way,SAN JOSE,CA,95133,558000,2,2.5,SAN JOSE,1067,777,1984,33,523,490,Pending,,,http://www.redfin.com/CA/San-Jose/381-Caribe-Way-95133/home/705482,MLSListings,ML81781118,N,Y,37.3682636,-121.8489111
MLS Listing,,Condo/Co-op,3819 7 Trees Blvd #211,SAN JOSE,CA,95111,499888,2,2.0,SAN JOSE,999,,1980,33,500,392,Active,,,http://www.redfin.com/CA/San-Jose/3819-Seven-Trees-Blvd-95111/unit-211/home/901404,MLSListings,ML81781094,N,Y,37.2836695,-121.8351135
PAST SALE,,Single Family Residential,1599 Terilyn Ave,SAN JOSE,CA,95122,699950,4,2.0,SAN JOSE,1240,5660,1959,33,564,,Pending,,,http://www.redfin.com/CA/San-Jose/1599-Terilyn-Ave-95122/home/1496148,MLSListings,ML81781086,N,Y,37.3308951,-121.8417386
PAST SALE,,Single Family Residential,1681 English Dr,SAN JOSE,CA,95129,1788000,3,2.0,SAN JOSE,1441,7490,1959,33,1241,,Pending,,,http://www.redfin.com/CA/San-Jose/1681-English-Dr-95129/home/1535708,MLSListings,ML81781067,N,Y,37.2936347,-122.002469
PAST SALE,February-28-2020,Single Family Residential,1511 Wabash St,ALVISO,CA,95002,700000,3,2.0,ALVISO,935,5831,1910,8,749,,Sold,,,http://www.redfin.com/CA/San-Jose/1511-Wabash-St-95002/home/1429378,MLSListings,ML81781049,N,Y,37.430799,-121.9676847
PAST SALE,February-26-2020,Single Family Residential,5328 Estrade Dr,SAN JOSE,CA,95118,1335000,4,2.0,SAN JOSE,2283,6078,1959,10,585,,Sold,,,http://www.redfin.com/CA/San-Jose/5328-Estrade-Dr-95118/home/1317617,MLSListings,ML81781045,N,Y,37.2465887,-121.8947486
PAST SALE,August-31-2007,Townhouse,2199 Vizcaya Cir,CAMPBELL,CA,95008,1298000,3,2.5,CAMPBELL,2396,3784,1995,33,542,375,Pending,,,http://www.redfin.com/CA/Campbell/2199-Vizcaya-Cir-95008/home/1536249,MLSListings,ML81779586,N,Y,37.273707,-121.936838
PAST SALE,February-1-2005,Condo/Co-op,130 E San Fernando St Ph 26,SAN JOSE,CA,95112,849999,2,2.0,SAN JOSE,1622,1798,1998,34,524,736,Pending,,,http://www.redfin.com/CA/San-Jose/130-E-San-Fernando-St-95112/unit-26/home/587953,MLSListings,ML81780995,N,Y,37.3350359,-121.8856561
MLS Listing,,Condo/Co-op,1475 W San Carlos St,SAN JOSE,CA,95126,998888,3,3.0,SAN JOSE,1647,,2008,35,606,298,Contingent,,,http://www.redfin.com/CA/San-Jose/1475-W-San-Carlos-St-95126/home/23043985,MLSListings,ML81780970,N,Y,37.323685,-121.9161767
PAST SALE,July-17-1998,Single Family Residential,5626 Sweigert Rd,SAN JOSE,CA,95132,1399000,4,2.0,SAN JOSE,2051,200376,1962,35,682,,Pending,,,http://www.redfin.com/CA/San-Jose/5626-Sweigert-Rd-95132/home/939428,MLSListings,ML81780960,N,Y,37.4299471,-121.8078491
MLS Listing,,Single Family Residential,2385 Plateau Dr,SAN JOSE,CA,95125,875000,3,3.0,SAN JOSE,1620,1396,2004,35,540,196,Contingent,,,http://www.redfin.com/CA/San-Jose/2385-Plateau-Dr-95125/home/1667482,MLSListings,ML81780948,N,Y,37.295257,-121.864995
PAST SALE,March-5-2020,Single Family Residential,774 Bellerose Dr,SAN JOSE,CA,95128,1880000,3,3.0,SAN JOSE,2399,8729,1957,2,784,,Sold,,,http://www.redfin.com/CA/San-Jose/774-Bellerose-Dr-95128/home/1603615,MLSListings,ML81780940,N,Y,37.3300287,-121.9367783
PAST SALE,March-10-1992,Single Family Residential,5119 Kozo Ct,SAN JOSE,CA,95124,1249000,3,2.0,SAN JOSE,1422,4067,1978,36,878,260,Pending,,,http://www.redfin.com/CA/San-Jose/5119-Kozo-Ct-95124/home/832570,MLSListings,ML81780918,N,Y,37.2447844,-121.9276003
MLS Listing,,Single Family Residential,1290 McKendrie St,SAN JOSE,CA,95126,3399000,4,3.5,SAN JOSE,3684,23250,1912,36,923,,Active,,,http://www.redfin.com/CA/San-Jose/1290-McKendrie-St-95126/home/1629514,MLSListings,ML81780886,N,Y,37.3391794,-121.9270225
MLS Listing,,Single Family Residential,21209 Bertram Rd,SAN JOSE,CA,95120,1499915,3,1.5,SAN JOSE,2026,7395,1937,36,740,,Active,,,http://www.redfin.com/CA/San-Jose/21209-Bertram-Rd-95120/home/615050,MLSListings,ML81780848,N,Y,37.179355,-121.816172
PAST SALE,August-15-2005,Single Family Residential,2906 Bradbury Dr,SAN JOSE,CA,95122,798000,4,2.0,SAN JOSE,1324,5543,1971,36,603,,Pending,,,http://www.redfin.com/CA/San-Jose/2906-Bradbury-Dr-95122/home/1554411,MLSListings,ML81780846,N,Y,37.3138956,-121.812332
MLS Listing,,Single Family Residential,1623 Rebel Way,SAN JOSE,CA,95118,1398000,4,3.0,SAN JOSE,1967,5087,1996,36,711,,Contingent,,,http://www.redfin.com/CA/San-Jose/1623-Rebel-Way-95118/home/1756679,MLSListings,ML81780824,N,Y,37.2502231,-121.904085
PAST SALE,,Mobile/Manufactured Home,836 Villa Teresa Way #836,SAN JOSE,CA,95123,249000,2,2.0,SAN JOSE,1680,,1981,36,148,,Pending,,,http://www.redfin.com/CA/San-Jose/836-Villa-Teresa-Way-95123/unit-836/home/1136718,MLSListings,ML81780816,N,Y,37.24313,-121.8597424
PAST SALE,March-3-2020,Single Family Residential,5324 Garwood Dr,SAN JOSE,CA,95118,1375000,4,2.0,SAN JOSE,2057,6695,1966,4,668,,Sold,,,http://www.redfin.com/CA/San-Jose/5324-Garwood-Dr-95118/home/1617529,MLSListings,ML81779823,N,Y,37.249349,-121.8876124
MLS Listing,,Single Family Residential,871 Willow Glen Way,SAN JOSE,CA,95125,2799000,5,5.5,SAN JOSE,3411,8311,2015,36,821,,Active,March-7-2020 12:00 PM,March-7-2020 03:00 PM,http://www.redfin.com/CA/San-Jose/871-Willow-Glen-Way-95125/home/1517774,MLSListings,ML81780799,N,Y,37.3031349,-121.8893243
MLS Listing,,Condo/Co-op,39 Deer Run Cir,SAN JOSE,CA,95136,689900,2,2.5,SAN JOSE,1360,1296,1988,36,507,280,Active,March-7-2020 01:00 PM,March-7-2020 04:30 PM,http://www.redfin.com/CA/San-Jose/39-Deer-Run-Cir-95136/home/1693919,MLSListings,ML81780790,N,Y,37.267771,-121.823455
PAST SALE,March-6-2014,Single Family Residential,10771 Gascoigne Dr,CUPERTINO,CA,95014,2480000,4,3.5,CUPERTINO,2134,5596,2013,37,1162,,Pending,,,http://www.redfin.com/CA/Cupertino/10771-Gascoigne-Dr-95014/home/1383273,MLSListings,ML81780780,N,Y,37.3113767,-122.0014474
PAST SALE,August-4-2015,Mobile/Manufactured Home,148 Chateau La Salle Dr #148,San Jose,CA,95111,290000,3,2.0,San Jose,1742,,,37,166,,Pending,,,http://www.redfin.com/CA/San-Jose/148-Chateau-La-Salle-Dr-95111/unit-148/home/89105753,Bridge MLS,40893845,N,Y,37.2934271,-121.8564343
PAST SALE,,Multi-Family (5+ Unit),1390 Park Ave,SAN JOSE,CA,95126,1998000,3,,SAN JOSE,4334,8368,1961,37,461,,Pending,,,http://www.redfin.com/CA/San-Jose/1390-Park-Ave-95126/home/1751050,MLSListings,ML81780758,N,Y,37.3292261,-121.9179992
MLS Listing,,Single Family Residential,1055 Vista Del Mar,SAN JOSE,CA,95132,1410000,3,2.0,SAN JOSE,1936,15391,1959,37,728,,Active,,,http://www.redfin.com/CA/San-Jose/1055-Vista-Del-Mar-95132/home/987899,MLSListings,ML81780741,N,Y,37.3962987,-121.8344433
PAST SALE,March-6-2020,Townhouse,1655 Latitude Dr #4,SAN JOSE,CA,95124,975150,3,3.0,SAN JOSE,1483,2148,2013,1,658,246,Sold,,,http://www.redfin.com/CA/San-Jose/1655-Latitude-Dr-95124/unit-4/home/49679796,MLSListings,ML81780695,N,Y,37.2682573,-121.9066267
MLS Listing,,Townhouse,142 Spyglass Hill Rd,SAN JOSE,CA,95127,755600,3,2.0,SAN JOSE,1703,2246,1980,37,444,505,Active,,,http://www.redfin.com/CA/San-Jose/142-Spyglass-Hill-Rd-95127/home/1571298,MLSListings,ML81780675,N,Y,37.3907355,-121.8063046
PAST SALE,,Single Family Residential,7064 Pelican Ridge Dr,SAN JOSE,CA,95120,2258000,4,3.5,SAN JOSE,2875,16378,1997,37,785,,Pending,,,http://www.redfin.com/CA/San-Jose/7064-Pelican-Ridge-Dr-95120/home/1235598,MLSListings,ML81780655,N,Y,37.2041053,-121.8539038
PAST SALE,,Townhouse,1035 Giacomo Ln #7,San Jose,CA,95133,,3,3.0,,1847,,2017,,,,,,,http://www.redfin.com/CA/San-Jose/1035-Giacomo-Ln-95133/unit-7/home/167214059,,,N,Y,37.3725452,-121.8789639
PAST SALE,February-19-2020,Condo/Co-op,3901 Lick Mill Blvd #326,SANTA CLARA,CA,95054,1200000,3,2.0,SANTA CLARA,1426,,2005,17,842,458,Sold,,,http://www.redfin.com/CA/Santa-Clara/3901-Lick-Mill-Blvd-95054/unit-326/home/12177878,MLSListings,ML81779689,N,Y,37.3955764,-121.9424081
MLS Listing,,Single Family Residential,2944 Valley of Hearts Delight,San Jose,CA,95136,1492555,4,3.5,Willow Glen,2588,2544,2020,38,577,128,Active,,,http://www.redfin.com/CA/San-Jose/2944-Valley-of-Hearts-Delight-Pl-95136/home/168901294,Bridge MLS,40893734,N,Y,37.283152,-121.850078
MLS Listing,,Single Family Residential,14150 Clayton Rd,SAN JOSE,CA,95127,1200000,4,3.0,SAN JOSE,2212,66241,1988,38,542,,Active,March-7-2020 01:00 PM,March-7-2020 04:00 PM,http://www.redfin.com/CA/San-Jose/14150-Clayton-Rd-95127/home/953344,MLSListings,ML81780626,N,Y,37.365065,-121.7725028
PAST SALE,June-10-2016,Single Family Residential,1069 Queensbridge Ct,SAN JOSE,CA,95120,1988000,5,3.0,SAN JOSE,3404,8000,1981,38,584,,Pending,,,http://www.redfin.com/CA/San-Jose/1069-Queensbridge-Ct-95120/home/935234,MLSListings,ML81780624,N,Y,37.2007448,-121.8410269
PAST SALE,February-28-2020,Single Family Residential,2914 Manda Dr,SAN JOSE,CA,95124,1211000,4,2.0,SAN JOSE,1515,5414,1954,8,799,,Sold,,,http://www.redfin.com/CA/San-Jose/2914-Manda-Dr-95124/home/1077278,MLSListings,ML81780618,N,Y,37.2698506,-121.9143986
MLS Listing,,Single Family Residential,4090 Yerba Buena Ave,San Jose,CA,95121,1099000,4,2.0,Evergreen,1925,7956,1969,38,571,,Active,March-8-2020 01:30 PM,March-8-2020 04:30 PM,http://www.redfin.com/CA/San-Jose/4090-Yerba-Buena-Ave-95121/home/988682,Bridge MLS,40893702,N,Y,37.3041877,-121.7814934
MLS Listing,,Condo/Co-op,2219 Amberwood Ln,SAN JOSE,CA,95132,699999,3,1.5,SAN JOSE,1121,,1972,38,624,190,Active,,,http://www.redfin.com/CA/San-Jose/2219-Amberwood-Ln-95132/home/1509982,MLSListings,ML81780561,N,Y,37.4134788,-121.877641
MLS Listing,,Mobile/Manufactured Home,243 Chateau La Salle Dr #243,San Jose,CA,95111,274900,3,2.0,San Jose,2304,,1980,38,119,,Active,March-8-2020 01:00 PM,March-8-2020 04:00 PM,http://www.redfin.com/CA/San-Jose/243-Chateau-La-Salle-Dr-95111/unit-243/home/40054143,MLSListings,ML81780555,N,Y,37.2933418,-121.85684
PAST SALE,July-8-2019,Single Family Residential,1918 Conifer Ct,SAN JOSE,CA,95132,1350000,4,2.5,SAN JOSE,1786,7920,1968,38,756,,Pending,,,http://www.redfin.com/CA/San-Jose/1918-Conifer-Ct-95132/home/1149160,MLSListings,ML81780553,N,Y,37.4137598,-121.862154
PAST SALE,October-25-2017,Townhouse,2028 Puerto Limon Ct,SAN JOSE,CA,95116,495000,2,1.5,SAN JOSE,1000,773,1977,38,495,340,Pending,,,http://www.redfin.com/CA/San-Jose/2028-Puerto-Limon-Ct-95116/home/1028305,MLSListings,ML81778807,N,Y,37.3582078,-121.8517925
PAST SALE,January-23-2018,Condo/Co-op,38 N Almaden Blvd #407,SAN JOSE,CA,95110,689000,1,1.0,SAN JOSE,890,,2008,39,774,512,Pending,,,http://www.redfin.com/CA/San-Jose/38-N-Almaden-Blvd-95110/unit-407/home/17291054,MLSListings,ML81780513,N,Y,37.3350834,-121.8954751
PAST SALE,August-9-2018,Single Family Residential,4097 San Ramon Way,SAN JOSE,CA,95111,799000,3,2.0,SAN JOSE,900,5073,1959,39,888,,Pending,,,http://www.redfin.com/CA/San-Jose/4097-San-Ramon-Way-95111/home/897358,MLSListings,ML81780480,N,Y,37.2808171,-121.8273254
PAST SALE,March-18-1993,Single Family Residential,1716 Scott St,SAN JOSE,CA,95128,910000,3,1.0,SAN JOSE,1161,7470,1951,39,784,,Pending,,,http://www.redfin.com/CA/San-Jose/1716-Scott-St-95128/home/1153217,MLSListings,ML81780472,N,Y,37.3195,-121.9229776
MLS Listing,,Single Family Residential,5375 Laurel Canyon Dr,SAN JOSE,CA,95138,2525000,5,5.0,SAN JOSE,4477,19892,2000,39,564,,Contingent,,,http://www.redfin.com/CA/San-Jose/5375-Laurel-Canyon-Dr-95138/home/682007,MLSListings,ML81780457,N,Y,37.2895458,-121.7748841
PAST SALE,February-21-2020,Multi-Family (2-4 Unit),1668 Whitwood Ln,CAMPBELL,CA,95008,2050000,9,,CAMPBELL,3348,8256,1962,15,612,,Sold,,,http://www.redfin.com/CA/Campbell/1668-Whitwood-Ln-95008/home/747068,MLSListings,ML81780451,N,Y,37.2840553,-121.9792363
PAST SALE,February-21-2020,Multi-Family (2-4 Unit),1664 Whitwood Ln,CAMPBELL,CA,95008,2000000,9,,CAMPBELL,3348,8111,1962,15,597,,Sold,,,http://www.redfin.com/CA/Campbell/1664-Whitwood-Ln-95008/home/816498,MLSListings,ML81780449,N,Y,37.2838674,-121.9792363
PAST SALE,February-1-1979,Single Family Residential,1557 Orangewood Dr,SAN JOSE,CA,95121,699999,3,2.0,SAN JOSE,1220,6438,1979,39,574,,Pending,,,http://www.redfin.com/CA/San-Jose/1557-Orangewood-Dr-95121/home/1133414,MLSListings,ML81780448,N,Y,37.308661,-121.820652
PAST SALE,March-12-2004,Single Family Residential,1376 Echo Valley Dr,SAN JOSE,CA,95120,1999000,5,2.5,SAN JOSE,2885,12700,1969,39,693,,Pending,,,http://www.redfin.com/CA/San-Jose/1376-Echo-Valley-Dr-95120/home/931417,MLSListings,ML81780443,N,Y,37.2076837,-121.8685581
PAST SALE,March-11-2016,Single Family Residential,2377 Pleasant Acres Dr,SAN JOSE,CA,95148,1352000,4,2.0,SAN JOSE,2017,61864,1949,39,670,,Pending,,,http://www.redfin.com/CA/San-Jose/2377-Pleasant-Acres-Dr-95148/home/952200,MLSListings,ML81780406,N,Y,37.3426146,-121.7856547
PAST SALE,June-20-1996,Single Family Residential,5230 Eileen Dr,SAN JOSE,CA,95129,2359000,4,2.5,SAN JOSE,2740,9583,1962,39,861,,Pending,,,http://www.redfin.com/CA/San-Jose/5230-Eileen-Dr-95129/home/803444,MLSListings,ML81780410,N,Y,37.2978122,-121.9936518
PAST SALE,,Mobile/Manufactured Home,3037 Oakbridge Dr #3037,San Jose,CA,95121,,,,,,,,,,,,,,http://www.redfin.com/CA/San-Jose/3037-Oakbridge-Dr-95121/unit-3037/home/21855022,,,N,Y,37.306113,-121.813823
PAST SALE,,Single Family Residential,5084 Carm Ave,San Jose,CA,95124,1300000,3,2.0,SJOS - San Jose,1280,5996,1957,40,1016,,Pending,,,http://www.redfin.com/CA/San-Jose/5084-Carm-Ave-95124/home/862138,CRMLS,MD20018863,N,Y,37.2455392,-121.9198217
MLS Listing,,Vacant Land,,SAN JOSE,CA,95132,495000,,,SAN JOSE,,14255,,40,,,Active,,,http://www.redfin.com/CA/San-Jose/Steinbaugh-Ct-95132/home/160960386,MLSListings,ML81780344,N,Y,37.40136,-121.827406
PAST SALE,,Single Family Residential,7518 Drumm Pl,SAN JOSE,CA,95139,799950,4,2.0,SAN JOSE,1764,6174,1977,40,453,,Pending,,,http://www.redfin.com/CA/San-Jose/7518-Drumm-Pl-95139/home/1008730,MLSListings,ML81780329,N,Y,37.218258,-121.7634002
MLS Listing,,Single Family Residential,6253 Calle Bonita,SAN JOSE,CA,95120,2450000,5,4.5,SAN JOSE,3137,10810,1973,42,781,,Active,,,http://www.redfin.com/CA/San-Jose/6253-Cll-Bonita-95120/home/926707,MLSListings,ML81779812,N,Y,37.2231366,-121.8871678
PAST SALE,November-15-2019,Single Family Residential,1928 Biscayne Way,SAN JOSE,CA,95122,735000,3,2.0,SAN JOSE,1040,5266,1959,42,707,,Pending,,,http://www.redfin.com/CA/San-Jose/1928-Biscayne-Way-95122/home/613819,MLSListings,ML81780263,N,Y,37.3368678,-121.8328418
PAST SALE,,Condo/Co-op,283 Orosi Way,SAN JOSE,CA,95116,435000,2,1.0,SAN JOSE,881,1476,1971,42,494,255,Pending,,,http://www.redfin.com/CA/San-Jose/283-Orosi-Way-95116/home/882998,MLSListings,ML81780248,N,Y,37.3599556,-121.8521803
MLS Listing,,Mobile/Manufactured Home,1500 Virginia #162,SAN JOSE,CA,95116,190000,3,2.0,SAN JOSE,960,,1969,43,198,,Active,,,http://www.redfin.com/CA/San-Jose/1500-Virginia-Pl-95116/unit-162/home/21709849,MLSListings,ML81780222,N,Y,37.3428127,-121.8530365
MLS Listing,,Mobile/Manufactured Home,3300 Narvaez Ave #9,SAN JOSE,CA,95136,165000,2,2.0,SAN JOSE,1440,,1968,43,115,,Contingent,,,http://www.redfin.com/CA/San-Jose/3300-Narvaez-Ave-95136/unit-9/home/63741192,MLSListings,ML81780204,N,Y,37.2771707,-121.8608194
MLS Listing,,Condo/Co-op,7821 Prestwick Cir,SAN JOSE,CA,95135,779000,2,2.0,SAN JOSE,1804,,1989,43,432,937,Active,,,http://www.redfin.com/CA/San-Jose/7821-Prestwick-Cir-95135/home/1745353,MLSListings,ML81780195,N,Y,37.291149,-121.73898
MLS Listing,,Single Family Residential,1576 Calco Creek Dr,SAN JOSE,CA,95127,1488000,4,3.0,SAN JOSE,2659,18910,1999,43,560,,Active,March-7-2020 02:00 PM,March-7-2020 04:00 PM,http://www.redfin.com/CA/San-Jose/1576-Calco-Creek-Dr-95127/home/950214,MLSListings,ML81780176,N,Y,37.3617052,-121.8051237
PAST SALE,November-15-2004,Single Family Residential,1127 Koch Ln,SAN JOSE,CA,95125,1510500,3,2.5,SAN JOSE,2400,9150,1976,43,629,,Pending,,,http://www.redfin.com/CA/San-Jose/1127-Koch-Ln-95125/home/840626,MLSListings,ML81780123,N,Y,37.2825762,-121.8836995
MLS Listing,,Single Family Residential,7045 Livery Ln,SAN JOSE,CA,95135,1798000,4,3.5,SAN JOSE,2500,15234,1997,43,719,,Contingent,,,http://www.redfin.com/CA/San-Jose/7045-Livery-Ln-95135/home/789252,MLSListings,ML81779348,N,Y,37.2705245,-121.7379356
PAST SALE,June-30-2004,Single Family Residential,5895 Killarney Cir,SAN JOSE,CA,95138,1650000,3,2.5,SAN JOSE,2413,5293,1996,43,684,148,Pending,,,http://www.redfin.com/CA/San-Jose/5895-Killarney-Cir-95138/home/1124752,MLSListings,ML81779762,N,Y,37.2761487,-121.7625099
MLS Listing,,Single Family Residential,915 Chabrant Way,SAN JOSE,CA,95125,1299000,3,2.0,SAN JOSE,1320,4357,1940,43,984,,Active,March-7-2020 01:00 PM,March-7-2020 04:00 PM,http://www.redfin.com/CA/San-Jose/915-Chabrant-Way-95125/home/1634463,MLSListings,ML81779324,N,Y,37.3106379,-121.8978719
PAST SALE,November-23-1976,Condo/Co-op,2309 Saidel Dr #4,San Jose,CA,95124,580000,2,1.0,Santa Clara County,798,,1973,43,727,340,Pending,,,http://www.redfin.com/CA/San-Jose/2309-Saidel-Dr-95124/unit-4/home/756801,BAREIS,22001139,N,Y,37.2521795,-121.9416668
PAST SALE,November-18-2014,Townhouse,1390 W Latimer Ave,CAMPBELL,CA,95008,1029000,3,2.5,CAMPBELL,1563,2068,2007,44,658,77,Pending,,,http://www.redfin.com/CA/Campbell/1390-W-Latimer-Ave-95008/home/17292169,MLSListings,ML81780096,N,Y,37.2902155,-121.9744085
MLS Listing,,Single Family Residential,3768 San Pablo Ct,SAN JOSE,CA,95127,1670000,4,3.0,SAN JOSE,2992,6359,1990,44,558,,Contingent,,,http://www.redfin.com/CA/San-Jose/3768-San-Pablo-Ct-95127/home/1370543,MLSListings,ML81780092,N,Y,37.3919294,-121.8273922
PAST SALE,March-2-2020,Condo/Co-op,4832 Lakebird Pl,SAN JOSE,CA,95124,730000,2,1.0,SAN JOSE,938,1980,1984,5,778,460,Sold,,,http://www.redfin.com/CA/San-Jose/4832-Lakebird-Pl-95124/home/1251904,MLSListings,ML81779652,N,Y,37.248817,-121.930142
MLS Listing,,Condo/Co-op,1743 Braddock Ct,SAN JOSE,CA,95125,679000,2,1.0,SAN JOSE,841,1065,1984,44,807,447,Contingent,,,http://www.redfin.com/CA/San-Jose/1743-Braddock-Ct-95125/home/1011920,MLSListings,ML81779967,N,Y,37.295102,-121.92311
PAST SALE,November-8-2019,Single Family Residential,1842 Sageland Dr,SAN JOSE,CA,95131,1099000,4,2.0,SAN JOSE,1234,6054,1975,44,891,,Pending,,,http://www.redfin.com/CA/San-Jose/1842-Sageland-Dr-95131/home/1428878,MLSListings,ML81779962,N,Y,37.3835742,-121.8743837
MLS Listing,,Single Family Residential,1797 Branham Ln,SAN JOSE,CA,95124,1149000,3,2.0,SAN JOSE,1346,6867,1956,44,854,,Active,March-8-2020 01:00 PM,March-8-2020 04:00 PM,http://www.redfin.com/CA/San-Jose/1797-Branham-Ln-95124/home/1232029,MLSListings,ML81779548,N,Y,37.2511115,-121.916799
MLS Listing,,Single Family Residential,2854 Fairfax Ave,SAN JOSE,CA,95148,968888,4,2.0,SAN JOSE,1451,5988,1970,44,668,,Active,March-7-2020 02:00 PM,March-7-2020 04:00 PM,http://www.redfin.com/CA/San-Jose/2854-Fairfax-Ave-95148/home/1236532,MLSListings,ML81779929,N,Y,37.3211064,-121.8028099
PAST SALE,March-3-2020,Single Family Residential,1142 Sherwood Ave,SAN JOSE,CA,95126,1860000,5,4.0,SAN JOSE,2997,5880,2019,4,621,,Sold,,,http://www.redfin.com/CA/San-Jose/1142-Sherwood-Ave-95126/home/1593011,MLSListings,ML81779924,N,Y,37.3453573,-121.9288448
MLS Listing,,Single Family Residential,1621 Fairlawn Ave,SAN JOSE,CA,95125,1610000,5,3.0,SAN JOSE,2245,8961,1959,45,717,,Active,March-8-2020 01:30 PM,March-8-2020 04:30 PM,http://www.redfin.com/CA/San-Jose/1621-Fairlawn-Ave-95125/home/852809,MLSListings,ML81779860,N,Y,37.2813086,-121.9040405
MLS Listing,,Condo/Co-op,5525 Cribari Cir,SAN JOSE,CA,95135,475000,2,2.0,SAN JOSE,1223,10171,1968,45,388,773,Contingent,,,http://www.redfin.com/CA/San-Jose/5525-Cribari-Cir-95135/home/1169972,MLSListings,ML81778646,N,Y,37.2928799,-121.756112
MLS Listing,,Single Family Residential,1778 Ellen Ave,SAN JOSE,CA,95125,2988000,4,4.5,SAN JOSE,2993,4998,2020,45,998,,Active,March-7-2020 01:30 PM,March-7-2020 04:00 PM,http://www.redfin.com/CA/San-Jose/1778-Ellen-Ave-95125/home/1568849,MLSListings,ML81779802,N,Y,37.2992348,-121.8880348
MLS Listing,,Condo/Co-op,8411 Chenin Blanc Ln,SAN JOSE,CA,95135,620000,2,2.0,SAN JOSE,1571,2012,1978,45,395,1115,Active,,,http://www.redfin.com/CA/San-Jose/8411-Chenin-Blanc-Ln-95135/home/1407346,MLSListings,ML81779798,N,Y,37.282638,-121.749379
PAST SALE,February-28-2019,Single Family Residential,4070 Sacramento Ave,SAN JOSE,CA,95111,740000,3,2.0,SAN JOSE,1070,7300,1975,373,692,,Sold,,,http://www.redfin.com/CA/San-Jose/4070-Sacramento-Ave-95111/home/695812,MLSListings,ML81737144,N,Y,37.2857619,-121.8191282
MLS Listing,,Townhouse,1704 Fairplace Ct,SAN JOSE,CA,95122,599999,2,2.0,SAN JOSE,970,2479,1985,46,619,371,Active,,,http://www.redfin.com/CA/San-Jose/1704-Fairplace-Ct-95122/home/1287378,MLSListings,ML81779754,N,Y,37.3250277,-121.8478822
MLS Listing,,Single Family Residential,1127 Doralee Way,SAN JOSE,CA,95125,2750000,5,5.0,SAN JOSE,4058,9440,2019,46,678,,Active,March-7-2020 01:00 PM,March-7-2020 04:00 PM,http://www.redfin.com/CA/San-Jose/1127-Doralee-Way-95125/home/1633496,MLSListings,ML81779753,N,Y,37.2840919,-121.8844777
MLS Listing,,Mobile/Manufactured Home,257 MOUNTAIN Spgs #257,SAN JOSE,CA,95136,269900,2,2.0,SAN JOSE,1300,,1981,46,208,,Contingent,,,http://www.redfin.com/CA/San-Jose/257-Mountain-Springs-Dr-95136/unit-257/home/63742553,MLSListings,ML81779749,N,Y,37.2826933,-121.8643444
PAST SALE,November-1-2005,Single Family Residential,15701 E Alta Vista Way,SAN JOSE,CA,95127,1699000,6,4.0,SAN JOSE,4496,13110,1999,46,378,,Pending,,,http://www.redfin.com/CA/San-Jose/15701-E-Alta-Vista-Way-95127/home/1079610,MLSListings,ML81779748,N,Y,37.388171,-121.8105745
MLS Listing,,Single Family Residential,1588 Heritage Bay Dr #12,SAN JOSE,CA,95138,1499000,5,3.5,SAN JOSE,3090,3872,2004,46,485,385,Contingent,,,http://www.redfin.com/CA/San-Jose/1588-Heritage-Bay-Dr-95138/unit-12/home/753660,MLSListings,ML81779725,N,Y,37.2906909,-121.7986035
MLS Listing,,Single Family Residential,1194 Holmes Ave,CAMPBELL,CA,95008,1898000,5,4.0,CAMPBELL,2286,8621,1955,46,830,,Active,March-7-2020 01:00 PM,March-7-2020 04:30 PM,http://www.redfin.com/CA/Campbell/1194-Holmes-Ave-95008/home/1645933,MLSListings,ML81779657,N,Y,37.2574977,-121.9510217
PAST SALE,September-6-2019,Single Family Residential,2289 Fairglen Dr,SAN JOSE,CA,95125,1598000,5,3.0,SAN JOSE,1688,6063,1958,46,947,,Pending,,,http://www.redfin.com/CA/San-Jose/2289-Fairglen-Dr-95125/home/1229262,MLSListings,ML81779680,N,Y,37.2816494,-121.9039072
MLS Listing,,Condo/Co-op,3128 Loma Verde #317,SAN JOSE,CA,95117,457000,1,1.0,SAN JOSE,544,,2007,46,840,257,Active,March-7-2020 01:00 PM,March-7-2020 04:00 PM,http://www.redfin.com/CA/San-Jose/3128-Loma-Verde-Dr-95117/unit-317/home/17290671,MLSListings,ML81779659,N,Y,37.2983946,-121.9506392
MLS Listing,,Single Family Residential,1048 Hazelwood Ave,SAN JOSE,CA,95125,2450000,5,3.5,SAN JOSE,2628,5840,2020,46,932,,Contingent,,,http://www.redfin.com/CA/San-Jose/1048-Hazelwood-Ave-95125/home/848192,MLSListings,ML81779658,N,Y,37.2955801,-121.8898133
MLS Listing,,Single Family Residential,7140 Galli Dr,SAN JOSE,CA,95129,3600000,6,5.0,SAN JOSE,3648,7853,2019,46,987,,Active,March-7-2020 01:30 PM,March-7-2020 04:30 PM,http://www.redfin.com/CA/San-Jose/7140-Galli-Dr-95129/home/1500363,MLSListings,ML81779633,N,Y,37.3012539,-122.0293603
PAST SALE,June-6-2016,Condo/Co-op,5888 Bridgeport Lake Way,SAN JOSE,CA,95123,675000,2,2.0,SAN JOSE,1002,,1988,46,674,436,Pending,,,http://www.redfin.com/CA/San-Jose/5888-Bridgeport-Lake-Way-95123/home/835418,MLSListings,ML81779624,N,Y,37.2446031,-121.868316
PAST SALE,November-23-2016,Condo/Co-op,230 Stonegate Cir,SAN JOSE,CA,95110,439000,1,1.0,SAN JOSE,560,680,1984,47,784,250,Pending,,,http://www.redfin.com/CA/San-Jose/230-Stonegate-Cir-95110/home/1765988,MLSListings,ML81779610,N,Y,37.3123,-121.878993
MLS Listing,,Single Family Residential,365 S Henry Ave,SAN JOSE,CA,95117,1350000,2,1.0,SAN JOSE,1082,9408,1941,47,1248,,Active,,,http://www.redfin.com/CA/San-Jose/365-S-Henry-Ave-95117/home/771641,MLSListings,ML81779608,N,Y,37.3216968,-121.9555543
PAST SALE,,Single Family Residential,3416 Royal Meadow Ln,San Jose,CA,95135,,6,4.0,,3380,13934,1990,,,,,,,http://www.redfin.com/CA/San-Jose/3416-Royal-Meadow-Ln-95135/home/1554319,,,N,Y,37.2801365,-121.7435232
PAST SALE,August-1-2019,Single Family Residential,2178 Barrett Ave,SAN JOSE,CA,95124,1499000,4,2.0,SAN JOSE,1395,7850,1961,47,1075,,Pending,,,http://www.redfin.com/CA/San-Jose/2178-Barrett-Ave-95124/home/1477133,MLSListings,ML81779603,N,Y,37.2554114,-121.9369339
MLS Listing,,Mobile/Manufactured Home,416 Chateau La Salle Dr #416,SAN JOSE,CA,95111,279000,2,2.0,SAN JOSE,1800,,1979,47,155,,Active,,,http://www.redfin.com/CA/San-Jose/416-Chateau-La-Salle-Dr-95111/unit-416/home/63742218,MLSListings,ML81779598,N,Y,37.2927618,-121.8564048
MLS Listing,,Condo/Co-op,5123 Cribari Pl,San Jose,CA,95135,469000,2,2.0,Evergreen,1223,1664,1968,47,383,773,Active,,,http://www.redfin.com/CA/San-Jose/5123-Cribari-Pl-95135/home/1067059,Bridge MLS,40892846,N,Y,37.294878,-121.754167
MLS Listing,,Condo/Co-op,8410 Chenin Blanc Ln,SAN JOSE,CA,95135,610000,2,2.0,SAN JOSE,1571,,1978,47,388,1115,Active,,,http://www.redfin.com/CA/San-Jose/8410-Chenin-Blanc-Ln-95135/home/963794,MLSListings,ML81779583,N,Y,37.282638,-121.749379
PAST SALE,August-10-2018,Condo/Co-op,1088 Summerplace Dr,SAN JOSE,CA,95122,400000,1,1.0,SAN JOSE,730,791,1992,575,548,380,Sold,,,http://www.redfin.com/CA/San-Jose/1088-Summerplace-Dr-95122/home/666883,MLSListings,ML81708775,N,Y,37.320319,-121.842247
PAST SALE,March-3-2020,Condo/Co-op,278 Truckee Ln,SAN JOSE,CA,95136,575000,2,2.0,SAN JOSE,875,,1973,4,657,400,Sold,,,http://www.redfin.com/CA/San-Jose/278-Truckee-Ln-95136/home/867765,MLSListings,ML81779568,N,Y,37.275153,-121.841522
PAST SALE,June-1-1976,Single Family Residential,2390 Ohara Ct,SAN JOSE,CA,95133,989500,4,2.0,SAN JOSE,1436,6186,1976,47,689,,Pending,,,http://www.redfin.com/CA/San-Jose/2390-Ohara-Ct-95133/home/703768,MLSListings,ML81779564,N,Y,37.3752573,-121.8552603
MLS Listing,,Mobile/Manufactured Home,133 El Bosque #133,SAN JOSE,CA,95134,199900,2,2.0,SAN JOSE,1344,,1973,48,149,,Active,,,http://www.redfin.com/CA/San-Jose/133-El-Bosque-Dr-95134/unit-133/home/113796472,MLSListings,ML81779557,N,Y,37.4109439,-121.9455112
MLS Listing,,Condo/Co-op,5427 Cribari Ct,SAN JOSE,CA,95135,489000,2,2.0,SAN JOSE,1223,,1970,48,400,773,Active,,,http://www.redfin.com/CA/San-Jose/5427-Cribari-Ct-95135/home/961197,MLSListings,ML81779554,N,Y,37.294694,-121.75653
MLS Listing,,Condo/Co-op,7555 Morevern Cir,SAN JOSE,CA,95135,650000,2,2.0,SAN JOSE,1307,,1988,50,497,795,Active,,,http://www.redfin.com/CA/San-Jose/7555-Morevern-Cir-95135/home/964265,MLSListings,ML81779508,N,Y,37.290115,-121.742526
MLS Listing,,Mobile/Manufactured Home,2151 Oakland Rd #79,SAN JOSE,CA,95131,258000,3,2.0,SAN JOSE,1440,,2018,50,179,,Active,,,http://www.redfin.com/CA/San-Jose/2151-Oakland-Rd-95131/unit-79/home/146878473,MLSListings,ML81779445,N,Y,37.3962328,-121.9053495
MLS Listing,,Single Family Residential,1394 Hillcrest Dr,SAN JOSE,CA,95120,2599000,5,3.5,SAN JOSE,4400,12274,1972,50,591,,Active,March-8-2020 01:30 PM,March-8-2020 04:30 PM,http://www.redfin.com/CA/San-Jose/1394-Hillcrest-Dr-95120/home/1406207,MLSListings,ML81779441,N,Y,37.2083911,-121.869025
MLS Listing,,Mobile/Manufactured Home,367 Chateau La Salle #367,SAN JOSE,CA,95111,289500,2,2.0,SAN JOSE,1423,,1979,50,203,,Active,March-7-2020 01:00 PM,March-7-2020 04:00 PM,http://www.redfin.com/CA/San-Jose/367-Chateau-La-Salle-Dr-95111/unit-367/home/168627991,MLSListings,ML81779435,N,Y,37.2919752,-121.8584233
PAST SALE,,Condo/Co-op,373 Ellicott Loop,San Jose,CA,95123,,4,4.0,,2370,,2017,,,,,,,http://www.redfin.com/CA/San-Jose/373-Ellicott-Loop-95123/home/143042335,,,N,Y,37.2499092,-121.7962351
PAST SALE,March-2-2020,Condo/Co-op,1550 Technology Dr #2062,SAN JOSE,CA,95110,569000,1,1.0,SAN JOSE,914,806,2005,5,623,442,Sold,,,http://www.redfin.com/CA/San-Jose/1550-Technology-Dr-95110/unit-2062/home/2123287,MLSListings,ML81779397,N,Y,37.3638362,-121.913165
PAST SALE,March-15-1989,Single Family Residential,3350 Belgrove Cir,SAN JOSE,CA,95148,1350000,4,3.0,SAN JOSE,2100,10194,1981,51,643,,Pending,,,http://www.redfin.com/CA/San-Jose/3350-Belgrove-Cir-95148/home/1205849,MLSListings,ML81779372,N,Y,37.3262395,-121.7709005
PAST SALE,March-22-2016,Condo/Co-op,569 Shadow Dance Dr,SAN JOSE,CA,95110,599000,2,2.0,SAN JOSE,871,1080,1987,51,688,325,Pending,,,http://www.redfin.com/CA/San-Jose/569-Shadow-Dance-Dr-95110/home/928089,MLSListings,ML81778922,N,Y,37.3090959,-121.881119
MLS Listing,,Other,28 S 22nd St,SAN JOSE,CA,95116,1580000,,,SAN JOSE,,8977,,51,,,Active,,,http://www.redfin.com/CA/San-Jose/28-S-22nd-St-95116/home/871329,MLSListings,ML81779369,N,Y,37.3455233,-121.8688249
MLS Listing,,Condo/Co-op,5933 Sunstone Dr #417,SAN JOSE,CA,95123,820880,2,2.5,SAN JOSE,1706,,2019,51,481,664,Active,,,http://www.redfin.com/CA/San-Jose/5933-Sunstone-Dr-95123/unit-417/home/168907029,MLSListings,ML81779354,N,Y,37.2422684,-121.7990794
PAST SALE,,Condo/Co-op,5933 Sunstone Dr #219,SAN JOSE,CA,95123,745880,2,2.0,SAN JOSE,1405,,2019,51,531,641,Pending,,,http://www.redfin.com/CA/San-Jose/5933-Sunstone-Dr-95123/unit-219/home/168907062,MLSListings,ML81779350,N,Y,37.2422684,-121.7990794
MLS Listing,,Mobile/Manufactured Home,225 El Bosque #225,SAN JOSE,CA,95134,170000,2,2.0,SAN JOSE,764,,2011,51,223,,Active,,,http://www.redfin.com/CA/San-Jose/225-El-Bosque-St-95134/unit-225/home/63740892,MLSListings,ML81779345,N,Y,37.4140726,-121.9423729
PAST SALE,,Condo/Co-op,5933 Sunstone Dr #206,SAN JOSE,CA,95123,709880,2,2.0,SAN JOSE,1261,,2019,51,563,630,Pending,,,http://www.redfin.com/CA/San-Jose/5933-Sunstone-Dr-95123/unit-206/home/168907051,MLSListings,ML81779344,N,Y,37.2422684,-121.7990794
PAST SALE,January-12-2017,Condo/Co-op,6129 Montgomery Ct,SAN JOSE,CA,95135,567890,2,2.0,SAN JOSE,1307,2591,1973,1150,434,850,Sold,,,http://www.redfin.com/CA/San-Jose/6129-Montgomery-Ct-95135/home/1160348,MLSListings,ML81630370,N,Y,37.287342,-121.755863
PAST SALE,October-13-1989,Condo/Co-op,2481 Alveswood Cir,SAN JOSE,CA,95131,549888,2,1.0,SAN JOSE,920,,1989,51,598,522,Pending,,,http://www.redfin.com/CA/San-Jose/2481-Alveswood-Cir-95131/home/1356269,MLSListings,ML81779278,N,Y,37.403215,-121.883239
PAST SALE,October-22-2019,Single Family Residential,2824 Camino Del Rey,SAN JOSE,CA,95132,930000,4,2.5,SAN JOSE,1798,5564,1964,137,517,,Sold,,,http://www.redfin.com/CA/San-Jose/2824-Camino-Del-Rey-95132/home/1145576,MLSListings,ML81748417,N,Y,37.3976315,-121.8637106
PAST SALE,August-29-2013,Condo/Co-op,3004 La Terrace Cir,SAN JOSE,CA,95123,579000,2,1.0,SAN JOSE,904,,1985,51,640,498,Pending,,,http://www.redfin.com/CA/San-Jose/3004-La-Terrace-Cir-95123/home/1170858,MLSListings,ML81779251,N,Y,37.242343,-121.867529
MLS Listing,,Single Family Residential,3041 Neal Ave,SAN JOSE,CA,95128,2899888,5,5.5,SAN JOSE,3555,8190,1938,51,816,,Active,,,http://www.redfin.com/CA/San-Jose/3041-Neal-Ave-95128/home/1225670,MLSListings,ML81779236,N,Y,37.3117643,-121.9488442
MLS Listing,,Multi-Family (2-4 Unit),2795 Garden Ave,SAN JOSE,CA,95111,1888000,8,,SAN JOSE,3680,8137,1986,52,513,,Active,,,http://www.redfin.com/CA/San-Jose/2795-Garden-Ave-95111/home/901947,MLSListings,ML81779228,N,Y,37.2962109,-121.8457864
PAST SALE,September-29-2017,Townhouse,913 Bellhurst Ave,SAN JOSE,CA,95122,499000,2,1.5,SAN JOSE,986,829,1970,52,506,327,Pending,,,http://www.redfin.com/CA/San-Jose/913-Bellhurst-Ave-95122/home/1840157,MLSListings,ML81779196,N,Y,37.328748,-121.85547
MLS Listing,,Vacant Land,781 Boulder Dr,SAN JOSE,CA,95132,199000,,,SAN JOSE,,17491,,52,,,Contingent,,,http://www.redfin.com/CA/San-Jose/781-Boulder-Dr-95132/home/170306681,MLSListings,ML81779185,N,Y,37.3991329,-121.8228784
MLS Listing,,Single Family Residential,2198 Ceynowa Ln,SAN JOSE,CA,95121,1192000,3,2.5,SAN JOSE,1869,5587,1997,52,638,,Contingent,,,http://www.redfin.com/CA/San-Jose/2198-Ceynowa-Ln-95121/home/1795532,MLSListings,ML81779182,N,Y,37.3064259,-121.7959793
MLS Listing,,Condo/Co-op,38 N Almaden Blvd #2119,SAN JOSE,CA,95110,1899000,3,2.0,SAN JOSE,1789,,2008,52,1061,611,Active,March-8-2020 01:30 PM,March-8-2020 04:00 PM,http://www.redfin.com/CA/San-Jose/38-N-Almaden-Blvd-95110/unit-2119/home/17288492,MLSListings,ML81779172,N,Y,37.3350834,-121.8954751
MLS Listing,,Mobile/Manufactured Home,555 Umbarger Rd #43,SAN JOSE,CA,95111,179000,2,2.0,SAN JOSE,1100,,2001,52,163,,Contingent,,,http://www.redfin.com/CA/San-Jose/555-Umbarger-Rd-95111/unit-43/home/560480,MLSListings,ML81779167,N,Y,37.3010619,-121.8442882
PAST SALE,,Condo/Co-op,1052 Bigleaf Pl #102,San Jose,CA,95131,,3,3.0,,1884,1632,2015,,,,,,,http://www.redfin.com/CA/San-Jose/1052-Bigleaf-Pl-95131/unit-102/home/112869611,,,N,Y,37.3803921,-121.8975486
MLS Listing,,Mobile/Manufactured Home,5450 Monterey Rd #6,SAN JOSE,CA,95111,208888,3,2.0,SAN JOSE,1440,,1975,52,145,,Contingent,,,http://www.redfin.com/CA/San-Jose/5450-Monterey-Rd-95111/unit-6/home/40184339,MLSListings,ML81779111,N,Y,37.2589185,-121.8013836
MLS Listing,,Single Family Residential,1033 Windsor St,SAN JOSE,CA,95129,3980000,6,4.5,SAN JOSE,4956,10916,2003,52,803,,Active,March-8-2020 01:30 PM,March-8-2020 04:30 PM,http://www.redfin.com/CA/San-Jose/1033-Windsor-St-95129/home/1516330,MLSListings,ML81779108,N,Y,37.3093457,-122.0279393
MLS Listing,,Condo/Co-op,38 N Almaden Blvd #2107,SAN JOSE,CA,95110,1699000,2,2.0,SAN JOSE,1262,,2008,53,1346,529,Active,March-8-2020 01:30 PM,March-8-2020 04:00 PM,http://www.redfin.com/CA/San-Jose/38-N-Almaden-Blvd-95110/unit-2107/home/17289005,MLSListings,ML81779097,N,Y,37.3350834,-121.8954751
PAST SALE,,Single Family Residential,3262 Haga Dr,SAN JOSE,CA,95111,749000,4,2.0,SAN JOSE,1168,5643,1969,53,641,,Pending,,,http://www.redfin.com/CA/San-Jose/3262-Haga-Dr-95111/home/679594,MLSListings,ML81779083,N,Y,37.2890598,-121.836623
PAST SALE,October-8-2019,Townhouse,583 Van De Water Way,SAN JOSE,CA,95111,579950,3,1.5,SAN JOSE,1197,1401,1971,54,485,363,Pending,,,http://www.redfin.com/CA/San-Jose/583-Van-De-Water-Way-95111/home/1538080,MLSListings,ML81778981,N,Y,37.2903273,-121.8309614
PAST SALE,,Mobile/Manufactured Home,411 Lewis Road Rd #195,SAN JOSE,CA,95111,133950,2,2.0,SAN JOSE,630,,1973,54,213,,Pending,,,http://www.redfin.com/CA/San-Jose/411-Lewis-Rd-95111/unit-195/home/170277316,MLSListings,ML81778977,N,Y,37.2957573,-121.8408934
MLS Listing,,Condo/Co-op,8396 Riesling Way,SAN JOSE,CA,95135,799000,2,2.0,SAN JOSE,1646,,1978,54,485,1260,Active,,,http://www.redfin.com/CA/San-Jose/8396-Riesling-Way-95135/home/963782,MLSListings,ML81778964,N,Y,37.284012,-121.748943
MLS Listing,,Mobile/Manufactured Home,494 VENECIA Dr #494,SAN JOSE,CA,95133,260000,2,2.0,SAN JOSE,1440,,1975,54,181,,Contingent,,,http://www.redfin.com/CA/San-Jose/494-Venecia-Dr-95133/unit-494/home/63742424,MLSListings,ML81778949,N,Y,37.3724805,-121.8474241
MLS Listing,,Single Family Residential,2185 Via Orista,MORGAN HILL,CA,95037,2091320,3,3.5,MORGAN HILL,4167,14470,2020,54,502,375,Active,,,http://www.redfin.com/CA/Morgan-Hill/2185-Via-Orista-Unknown/home/170275366,MLSListings,ML81778937,N,Y,37.164601,-121.634912
MLS Listing,,Mobile/Manufactured Home,510 Saddlebrook Dr #64,SAN JOSE,CA,95136,160000,3,2.0,SAN JOSE,1048,,2000,54,153,,Active,,,http://www.redfin.com/CA/San-Jose/510-Saddlebrook-Dr-95136/unit-64/home/1191753,MLSListings,ML81778899,N,Y,37.2625426,-121.8181818
MLS Listing,,Condo/Co-op,12 Muirfield Ct,SAN JOSE,CA,95116,535000,3,1.5,SAN JOSE,1198,,1982,55,447,348,Active,,,http://www.redfin.com/CA/San-Jose/12-Muirfield-Ct-95116/home/1368643,MLSListings,ML81778857,N,Y,37.360388,-121.838609
MLS Listing,,Single Family Residential,201 S 13th St,SAN JOSE,CA,95112,2399621,4,3.5,SAN JOSE,4618,9003,1911,56,520,,Active,,,http://www.redfin.com/CA/San-Jose/201-S-13th-St-95112/home/17293409,MLSListings,ML81778853,N,Y,37.338581,-121.8758067
MLS Listing,,Multi-Family (2-4 Unit),104 Winslow Ct,CAMPBELL,CA,95008,2050000,7,,CAMPBELL,3188,8235,1961,56,643,,Active,,,http://www.redfin.com/CA/Campbell/104-Winslow-Ct-95008/home/1476546,MLSListings,ML81778828,N,Y,37.2844602,-121.9810133
MLS Listing,,Multi-Family (2-4 Unit),94 Winslow Ct,CAMPBELL,CA,95008,2075000,7,,CAMPBELL,3188,8368,1961,56,651,,Active,,,http://www.redfin.com/CA/Campbell/94-Winslow-Ct-95008/home/1595875,MLSListings,ML81778826,N,Y,37.2846615,-121.9809689
MLS Listing,,Vacant Land,1553 State St,ALVISO,CA,95002,599900,,,ALVISO,,6359,,57,,,Active,,,http://www.redfin.com/CA/Alviso/1553-State-St-95002/home/28599257,MLSListings,ML81778804,N,Y,37.431897,-121.967512
PAST SALE,January-30-1998,Single Family Residential,8865 Wine Valley Cir,SAN JOSE,CA,95135,1050000,2,2.5,SAN JOSE,2256,4977,1997,57,465,550,Pending,,,http://www.redfin.com/CA/San-Jose/8865-Wine-Valley-Cir-95135/home/1460527,MLSListings,ML81778777,N,Y,37.2864915,-121.7393826
MLS Listing,,Mobile/Manufactured Home,450 Chateau La Selle Dr #450,SAN JOSE,CA,95111,329900,2,2.0,SAN JOSE,1296,,1980,58,255,,Active,,,http://www.redfin.com/CA/San-Jose/450-Chateau-La-Salle-Dr-95111/unit-450/home/63743028,MLSListings,ML81778621,N,Y,37.2932243,-121.8556067
MLS Listing,,Single Family Residential,3014 Fruitdale Ave,SAN JOSE,CA,95128,2498000,5,4.0,SAN JOSE,2981,10733,2019,58,838,,Active,March-8-2020 01:00 PM,March-8-2020 04:00 PM,http://www.redfin.com/CA/San-Jose/3014-Fruitdale-Ave-95128/home/1790929,MLSListings,ML81778613,N,Y,37.3100104,-121.9481776
MLS Listing,,Mobile/Manufactured Home,313 Chateau la Salle Dr #313,SAN JOSE,CA,95111,369000,3,2.0,SAN JOSE,1740,,2014,58,212,,Active,,,http://www.redfin.com/CA/San-Jose/313-Chateau-La-Salle-Dr-95111/unit-313/home/63742254,MLSListings,ML81778605,N,Y,37.2925528,-121.8578823
MLS Listing,,Condo/Co-op,38 N Almaden Blvd #1908,SAN JOSE,CA,95110,725000,1,1.0,SAN JOSE,791,,2008,58,917,518,Contingent,,,http://www.redfin.com/CA/San-Jose/38-N-Almaden-Blvd-95110/unit-1908/home/17291286,MLSListings,ML81778594,N,Y,37.3350834,-121.8954751
MLS Listing,,Condo/Co-op,856 La Barbera Dr,SAN JOSE,CA,95126,699000,2,2.0,SAN JOSE,987,,1985,58,708,290,Contingent,,,http://www.redfin.com/CA/San-Jose/856-La-Barbera-Dr-95126/home/1429710,MLSListings,ML81778582,N,Y,37.308259,-121.919362
PAST SALE,,Mobile/Manufactured Home,200 Ford Unit 194b,SAN JOSE,CA,95138,239000,3,2.0,SAN JOSE,1440,,1982,58,166,,Pending,,,http://www.redfin.com/CA/San-Jose/200-Ford-Rd-95138/unit-194B/home/1820025,MLSListings,ML81778579,N,Y,37.2531444,-121.7933309
PAST SALE,July-23-2004,Townhouse,2010 Carignan Way,SAN JOSE,CA,95135,744888,2,2.0,SAN JOSE,1629,2217,1998,58,457,756,Pending,,,http://www.redfin.com/CA/San-Jose/2010-Carignan-Way-95135/home/1781267,MLSListings,ML81778476,N,Y,37.2896081,-121.7620648
MLS Listing,,Single Family Residential,876 N 14th St,SAN JOSE,CA,95112,749000,2,1.0,SAN JOSE,840,5408,1930,23,892,,Active,March-7-2020 01:00 PM,March-7-2020 04:00 PM,http://www.redfin.com/CA/San-Jose/876-N-14th-St-95112/home/1334655,MLSListings,ML81782532,N,Y,37.3592653,-121.8894132
MLS Listing,,Mobile/Manufactured Home,335 Los Encinos Dr #335,SAN JOSE,CA,95134,229900,3,2.0,SAN JOSE,1664,,1992,59,138,,Active,,,http://www.redfin.com/CA/San-Jose/335-Los-Encinos-St-95134/unit-335/home/21855174,MLSListings,ML81778462,N,Y,37.4149105,-121.9443865
MLS Listing,,Vacant Land,0 Pegasus Ct,SAN JOSE,CA,95119,499000,,,SAN JOSE,,20473,,59,,,Active,,,http://www.redfin.com/CA/San-Jose/Pegasus-Ct-95139/home/1007641,MLSListings,ML81778460,N,Y,37.227454,-121.758224
MLS Listing,,Condo/Co-op,88 E San Fernando St #1905,SAN JOSE,CA,95113,1250000,2,2.0,SAN JOSE,1100,,2008,59,1136,804,Active,March-8-2020 02:00 PM,March-8-2020 04:30 PM,http://www.redfin.com/CA/San-Jose/88-E-San-Fernando-St-95113/unit-1905/home/23048691,MLSListings,ML81778438,N,Y,37.3347663,-121.8869259
PAST SALE,March-9-2018,Single Family Residential,2301 Richland Ave,SAN JOSE,CA,95125,3199000,5,4.5,SAN JOSE,3700,10131,2019,59,865,,Pending,,,http://www.redfin.com/CA/San-Jose/2301-Richland-Ave-95125/home/785963,MLSListings,ML81778427,N,Y,37.2875491,-121.890258
MLS Listing,,Condo/Co-op,5039 Cribari Vale,SAN JOSE,CA,95135,500000,2,2.0,SAN JOSE,1223,,1968,59,409,704,Active,,,http://www.redfin.com/CA/San-Jose/5039-Cribari-Vale-95135/home/1504581,MLSListings,ML81778421,N,Y,37.292411,-121.752591
PAST SALE,September-29-2014,Single Family Residential,844 DeNARDI Way,San Jose,CA,95126,1128000,5,3.5,San Jose,2652,4500,2014,1986,425,,Sold,,,http://www.redfin.com/CA/San-Jose/844-Denardi-Way-95126/home/56670598,MLSListings,ML81424106,N,Y,37.3390924,-121.9147277
PAST SALE,October-26-1982,Single Family Residential,6357 Cottle Rd,SAN JOSE,CA,95123,875000,3,2.0,SAN JOSE,1502,6535,1971,60,583,,Pending,,,http://www.redfin.com/CA/San-Jose/6357-Cottle-Rd-95123/home/603968,MLSListings,ML81778339,N,Y,37.2282658,-121.8041448
MLS Listing,,Single Family Residential,1059 Waco St,SAN JOSE,CA,95110,998000,3,3.0,SAN JOSE,1038,3900,1939,60,961,,Contingent,,,http://www.redfin.com/CA/San-Jose/1059-Waco-St-95110/home/1440649,MLSListings,ML81778321,N,Y,37.3479917,-121.9205773
MLS Listing,,Single Family Residential,6157 Cottle Rd,SAN JOSE,CA,95123,960000,3,2.0,SAN JOSE,1812,6427,1972,60,530,,Contingent,,,http://www.redfin.com/CA/San-Jose/6157-Cottle-Rd-95123/home/806908,MLSListings,ML81778320,N,Y,37.234842,-121.8042561
MLS Listing,,Other,150 Senter Rd,SAN JOSE,CA,95111,399000,,,SAN JOSE,,8901,,61,,,Active,,,http://www.redfin.com/CA/San-Jose/150-Senter-Rd-95111/home/52655284,MLSListings,ML81778244,N,Y,37.2780961,-121.8307304
PAST SALE,May-16-2007,Condo/Co-op,4815 Pine Forest Pl,SAN JOSE,CA,95118,650000,2,2.0,SAN JOSE,1026,,1986,61,634,350,Pending,,,http://www.redfin.com/CA/San-Jose/4815-Pine-Forest-Pl-95118/home/749859,MLSListings,ML81778199,N,Y,37.251979,-121.905044
MLS Listing,,Mobile/Manufactured Home,306 Millpond Dr #306,SAN JOSE,CA,95125,289500,2,2.0,SAN JOSE,1980,,1978,62,146,,Active,,,http://www.redfin.com/CA/San-Jose/306-Mill-Pond-Dr-95125/unit-306/home/170215474,MLSListings,ML81778191,N,Y,37.2921468,-121.8693456
PAST SALE,August-23-2001,Condo/Co-op,6213 Wehner Way,SAN JOSE,CA,95135,649000,2,2.0,SAN JOSE,1340,,1974,63,484,1000,Pending,,,http://www.redfin.com/CA/San-Jose/6213-Wehner-Way-95135/home/1318631,MLSListings,ML81778139,N,Y,37.284157,-121.75372
MLS Listing,,Mobile/Manufactured Home,436 Giannotta #436,SAN JOSE,CA,95133,249000,3,3.0,SAN JOSE,1560,,1977,64,160,,Active,,,http://www.redfin.com/CA/San-Jose/436-Giannotta-Way-95133/unit-436/home/63740846,MLSListings,ML81778068,N,Y,37.3717165,-121.848838
PAST SALE,,Single Family Residential,3839 Carrera Ct,San Jose,CA,95148,1850000,6,5.0,,4617,16695,2005,,401,,,,,http://www.redfin.com/CA/San-Jose/3839-Carrera-Ct-95148/home/1158331,,,N,Y,37.3196453,-121.7602842
MLS Listing,,Condo/Co-op,3819 Seven Trees Blvd #302,SAN JOSE,CA,95111,499500,2,2.0,SAN JOSE,999,,1980,69,500,330,Active,,,http://www.redfin.com/CA/San-Jose/3819-Seven-Trees-Blvd-95111/unit-302/home/1153848,MLSListings,ML81777887,N,Y,37.283584,-121.8347882
MLS Listing,,Multi-Family (2-4 Unit),3854 Barker Dr,SAN JOSE,CA,95117,1950000,9,,SAN JOSE,4068,7756,1963,69,479,,Active,,,http://www.redfin.com/CA/San-Jose/3854-Barker-Dr-95117/home/1105311,MLSListings,ML81777881,N,Y,37.3088715,-121.9693953
MLS Listing,,Condo/Co-op,337 Destino Cir,SAN JOSE,CA,95133,959000,3,2.5,SAN JOSE,1448,,2006,71,662,275,Active,March-7-2020 02:00 PM,March-7-2020 05:00 PM,http://www.redfin.com/CA/San-Jose/337-Destino-Cir-95133/home/12180068,MLSListings,ML81777831,N,Y,37.355408,-121.866195
